dataset,yaw_deg,distance_band,n_objects,box_score,n_points
kitti_mini,-3.000000000,0-15m,32,0.564158579,48045
kitti_mini,-3.000000000,15-30m,41,0.379788981,9904
kitti_mini,-3.000000000,30m+,37,0.104096255,1715
kitti_mini,-2.000000000,0-15m,32,0.650378358,48045
kitti_mini,-2.000000000,15-30m,41,0.538153504,9904
kitti_mini,-2.000000000,30m+,37,0.258566190,1715
kitti_mini,-1.000000000,0-15m,32,0.752697657,48045
kitti_mini,-1.000000000,15-30m,41,0.819622164,9904
kitti_mini,-1.000000000,30m+,37,0.614372102,1715
kitti_mini,-0.500000000,0-15m,32,0.782534400,48045
kitti_mini,-0.500000000,15-30m,41,0.949493389,9904
kitti_mini,-0.500000000,30m+,37,0.859720674,1715
kitti_mini,0.000000000,0-15m,32,0.789578844,48045
kitti_mini,0.000000000,15-30m,41,0.983325538,9904
kitti_mini,0.000000000,30m+,37,0.996782497,1715
kitti_mini,0.500000000,0-15m,32,0.772299643,48045
kitti_mini,0.500000000,15-30m,41,0.885998173,9904
kitti_mini,0.500000000,30m+,37,0.837997634,1715
kitti_mini,1.000000000,0-15m,32,0.735185649,48045
kitti_mini,1.000000000,15-30m,41,0.720730261,9904
kitti_mini,1.000000000,30m+,37,0.588093788,1715
kitti_mini,2.000000000,0-15m,32,0.625494158,48045
kitti_mini,2.000000000,15-30m,41,0.524626791,9904
kitti_mini,2.000000000,30m+,37,0.265919600,1715
kitti_mini,3.000000000,0-15m,32,0.552252136,48045
kitti_mini,3.000000000,15-30m,41,0.396058607,9904
kitti_mini,3.000000000,30m+,37,0.127140440,1715
nuscenes_mini_subset,-3.000000000,0-15m,90,0.461075889,22199
nuscenes_mini_subset,-3.000000000,15-30m,284,0.403062645,8080
nuscenes_mini_subset,-3.000000000,30m+,87,0.276614714,1095
nuscenes_mini_subset,-2.000000000,0-15m,90,0.549858880,22199
nuscenes_mini_subset,-2.000000000,15-30m,284,0.515731959,8080
nuscenes_mini_subset,-2.000000000,30m+,87,0.493028736,1095
nuscenes_mini_subset,-1.000000000,0-15m,90,0.630076909,22199
nuscenes_mini_subset,-1.000000000,15-30m,284,0.746485154,8080
nuscenes_mini_subset,-1.000000000,30m+,87,0.768128778,1095
nuscenes_mini_subset,-0.500000000,0-15m,90,0.653869300,22199
nuscenes_mini_subset,-0.500000000,15-30m,284,0.878608730,8080
nuscenes_mini_subset,-0.500000000,30m+,87,0.893215182,1095
nuscenes_mini_subset,0.000000000,0-15m,90,0.661777122,22199
nuscenes_mini_subset,0.000000000,15-30m,284,0.913983394,8080
nuscenes_mini_subset,0.000000000,30m+,87,0.937522248,1095
nuscenes_mini_subset,0.500000000,0-15m,90,0.666311695,22199
nuscenes_mini_subset,0.500000000,15-30m,284,0.889499875,8080
nuscenes_mini_subset,0.500000000,30m+,87,0.894982193,1095
nuscenes_mini_subset,1.000000000,0-15m,90,0.651513911,22199
nuscenes_mini_subset,1.000000000,15-30m,284,0.776216640,8080
nuscenes_mini_subset,1.000000000,30m+,87,0.785412311,1095
nuscenes_mini_subset,2.000000000,0-15m,90,0.556272702,22199
nuscenes_mini_subset,2.000000000,15-30m,284,0.533670058,8080
nuscenes_mini_subset,2.000000000,30m+,87,0.557833470,1095
nuscenes_mini_subset,3.000000000,0-15m,90,0.443235524,22199
nuscenes_mini_subset,3.000000000,15-30m,284,0.422691587,8080
nuscenes_mini_subset,3.000000000,30m+,87,0.306137629,1095
