dataset,kind,level,n_frames,n_supported_frames,box_score,fov_ratio,pixel_shift_p50,n_objects,delta_time_ms
kitti_mini,translation_z,0.000000000,20,20,0.937406585,0.156912009,0.000000000,110,
kitti_mini,translation_z,0.020000000,20,20,0.937612191,0.158513683,1.186275081,110,
kitti_mini,translation_z,0.050000000,20,20,0.935808348,0.160616393,2.965611360,110,
kitti_mini,translation_z,0.100000000,20,20,0.927407632,0.164171580,5.930968260,110,
kitti_mini,yaw,-3.000000000,20,20,0.257250055,0.156637533,43.428932815,110,
kitti_mini,yaw,-2.000000000,20,20,0.398483516,0.156751347,29.057326101,110,
kitti_mini,yaw,-1.000000000,20,20,0.692196711,0.156819176,14.584255036,110,
kitti_mini,yaw,-0.500000000,20,20,0.861270013,0.156846439,7.303836780,110,
kitti_mini,yaw,0.000000000,20,20,0.937406585,0.156912009,0.000000000,110,
kitti_mini,yaw,0.500000000,20,20,0.821237541,0.156986632,7.307930074,110,
kitti_mini,yaw,1.000000000,20,20,0.628333629,0.157034040,14.601836430,110,
kitti_mini,yaw,2.000000000,20,20,0.371693090,0.157074774,29.144156297,110,
kitti_mini,yaw,3.000000000,20,20,0.253187797,0.157183730,43.609633003,110,
nuscenes_mini_subset,translation_z,0.000000000,80,80,0.881361556,0.086499848,0.000000000,461,-35.622050000
nuscenes_mini_subset,translation_z,0.020000000,80,80,0.880928586,0.087172053,2.034177791,461,-35.622050000
nuscenes_mini_subset,translation_z,0.050000000,80,80,0.877666985,0.087940231,5.085215384,461,-35.622050000
nuscenes_mini_subset,translation_z,0.100000000,80,80,0.877168287,0.089925008,10.169667213,461,-35.622050000
nuscenes_mini_subset,yaw,-3.000000000,80,80,0.361005256,0.086615522,75.389103022,461,-35.622050000
nuscenes_mini_subset,yaw,-2.000000000,80,80,0.499505541,0.086594606,50.350020569,461,-35.622050000
nuscenes_mini_subset,yaw,-1.000000000,80,80,0.728521239,0.086530016,25.221987270,461,-35.622050000
nuscenes_mini_subset,yaw,-0.500000000,80,80,0.845508517,0.086511564,12.623133085,461,-35.622050000
nuscenes_mini_subset,yaw,0.000000000,80,80,0.881361556,0.086499848,0.000000000,461,-35.622050000
nuscenes_mini_subset,yaw,0.500000000,80,80,0.856423342,0.086461021,12.623585867,461,-35.622050000
nuscenes_mini_subset,yaw,1.000000000,80,80,0.760464273,0.086454422,25.204886116,461,-35.622050000
nuscenes_mini_subset,yaw,2.000000000,80,80,0.532800703,0.086381686,50.290230055,461,-35.622050000
nuscenes_mini_subset,yaw,3.000000000,80,80,0.383488680,0.086308378,75.262774995,461,-35.622050000
