dataset,yaw_deg,threshold,calibration_frames,evaluation_frames,n_unscorable,flagged,flag_rate
kitti_mini,-3.000000000,0.857842252,4,16,0,16,1.000000000
kitti_mini,-2.000000000,0.857842252,4,16,0,16,1.000000000
kitti_mini,-1.000000000,0.857842252,4,16,0,13,0.812500000
kitti_mini,-0.500000000,0.857842252,4,16,0,8,0.500000000
kitti_mini,0.000000000,0.857842252,4,16,0,5,0.312500000
kitti_mini,0.500000000,0.857842252,4,16,0,10,0.625000000
kitti_mini,1.000000000,0.857842252,4,16,0,14,0.875000000
kitti_mini,2.000000000,0.857842252,4,16,0,16,1.000000000
kitti_mini,3.000000000,0.857842252,4,16,0,16,1.000000000
nuscenes_mini_subset,-3.000000000,0.670069661,16,64,0,62,0.968750000
nuscenes_mini_subset,-2.000000000,0.670069661,16,64,0,54,0.843750000
nuscenes_mini_subset,-1.000000000,0.670069661,16,64,0,18,0.281250000
nuscenes_mini_subset,-0.500000000,0.670069661,16,64,0,4,0.062500000
nuscenes_mini_subset,0.000000000,0.670069661,16,64,0,2,0.031250000
nuscenes_mini_subset,0.500000000,0.670069661,16,64,0,2,0.031250000
nuscenes_mini_subset,1.000000000,0.670069661,16,64,0,14,0.218750000
nuscenes_mini_subset,2.000000000,0.670069661,16,64,0,49,0.765625000
nuscenes_mini_subset,3.000000000,0.670069661,16,64,0,64,1.000000000
