dataset,frame_id,config,repeat,latency_ms,n_points,mask_difference,max_pixel_error,cpu,machine,platform,python,numpy,gpu
kitti_mini,000001,float64,0,14.634900000,120060,0,0.000000000,"Intel64 Family 6 Model 141 Stepping 1, GenuineIntel",AMD64,Windows-11-10.0.26300-SP0,3.13.0,2.5.3,not used
kitti_mini,000001,float64,1,13.313200000,120060,0,0.000000000,"Intel64 Family 6 Model 141 Stepping 1, GenuineIntel",AMD64,Windows-11-10.0.26300-SP0,3.13.0,2.5.3,not used
kitti_mini,000001,float64,2,15.959600000,120060,0,0.000000000,"Intel64 Family 6 Model 141 Stepping 1, GenuineIntel",AMD64,Windows-11-10.0.26300-SP0,3.13.0,2.5.3,not used
kitti_mini,000001,float64,3,14.293200000,120060,0,0.000000000,"Intel64 Family 6 Model 141 Stepping 1, GenuineIntel",AMD64,Windows-11-10.0.26300-SP0,3.13.0,2.5.3,not used
kitti_mini,000001,float64,4,16.555500000,120060,0,0.000000000,"Intel64 Family 6 Model 141 Stepping 1, GenuineIntel",AMD64,Windows-11-10.0.26300-SP0,3.13.0,2.5.3,not used
kitti_mini,000001,float64,5,17.823400000,120060,0,0.000000000,"Intel64 Family 6 Model 141 Stepping 1, GenuineIntel",AMD64,Windows-11-10.0.26300-SP0,3.13.0,2.5.3,not used
kitti_mini,000001,float64,6,17.299600000,120060,0,0.000000000,"Intel64 Family 6 Model 141 Stepping 1, GenuineIntel",AMD64,Windows-11-10.0.26300-SP0,3.13.0,2.5.3,not used
kitti_mini,000001,float64,7,13.181000000,120060,0,0.000000000,"Intel64 Family 6 Model 141 Stepping 1, GenuineIntel",AMD64,Windows-11-10.0.26300-SP0,3.13.0,2.5.3,not used
kitti_mini,000001,float64,8,13.130800000,120060,0,0.000000000,"Intel64 Family 6 Model 141 Stepping 1, GenuineIntel",AMD64,Windows-11-10.0.26300-SP0,3.13.0,2.5.3,not used
kitti_mini,000001,float64,9,15.727000000,120060,0,0.000000000,"Intel64 Family 6 Model 141 Stepping 1, GenuineIntel",AMD64,Windows-11-10.0.26300-SP0,3.13.0,2.5.3,not used
kitti_mini,000001,float64,10,14.453000000,120060,0,0.000000000,"Intel64 Family 6 Model 141 Stepping 1, GenuineIntel",AMD64,Windows-11-10.0.26300-SP0,3.13.0,2.5.3,not used
kitti_mini,000001,float64,11,15.464500000,120060,0,0.000000000,"Intel64 Family 6 Model 141 Stepping 1, GenuineIntel",AMD64,Windows-11-10.0.26300-SP0,3.13.0,2.5.3,not used
kitti_mini,000001,float64,12,15.464700000,120060,0,0.000000000,"Intel64 Family 6 Model 141 Stepping 1, GenuineIntel",AMD64,Windows-11-10.0.26300-SP0,3.13.0,2.5.3,not used
kitti_mini,000001,float64,13,15.100600000,120060,0,0.000000000,"Intel64 Family 6 Model 141 Stepping 1, GenuineIntel",AMD64,Windows-11-10.0.26300-SP0,3.13.0,2.5.3,not used
kitti_mini,000001,float64,14,16.605900000,120060,0,0.000000000,"Intel64 Family 6 Model 141 Stepping 1, GenuineIntel",AMD64,Windows-11-10.0.26300-SP0,3.13.0,2.5.3,not used
kitti_mini,000001,float64,15,14.183600000,120060,0,0.000000000,"Intel64 Family 6 Model 141 Stepping 1, GenuineIntel",AMD64,Windows-11-10.0.26300-SP0,3.13.0,2.5.3,not used
kitti_mini,000001,float64,16,15.372200000,120060,0,0.000000000,"Intel64 Family 6 Model 141 Stepping 1, GenuineIntel",AMD64,Windows-11-10.0.26300-SP0,3.13.0,2.5.3,not used
kitti_mini,000001,float64,17,16.389900000,120060,0,0.000000000,"Intel64 Family 6 Model 141 Stepping 1, GenuineIntel",AMD64,Windows-11-10.0.26300-SP0,3.13.0,2.5.3,not used
kitti_mini,000001,float64,18,14.461800000,120060,0,0.000000000,"Intel64 Family 6 Model 141 Stepping 1, GenuineIntel",AMD64,Windows-11-10.0.26300-SP0,3.13.0,2.5.3,not used
kitti_mini,000001,float64,19,13.360000000,120060,0,0.000000000,"Intel64 Family 6 Model 141 Stepping 1, GenuineIntel",AMD64,Windows-11-10.0.26300-SP0,3.13.0,2.5.3,not used
kitti_mini,000001,float64,20,17.231000000,120060,0,0.000000000,"Intel64 Family 6 Model 141 Stepping 1, GenuineIntel",AMD64,Windows-11-10.0.26300-SP0,3.13.0,2.5.3,not used
kitti_mini,000001,float64,21,15.676800000,120060,0,0.000000000,"Intel64 Family 6 Model 141 Stepping 1, GenuineIntel",AMD64,Windows-11-10.0.26300-SP0,3.13.0,2.5.3,not used
kitti_mini,000001,float64,22,18.760700000,120060,0,0.000000000,"Intel64 Family 6 Model 141 Stepping 1, GenuineIntel",AMD64,Windows-11-10.0.26300-SP0,3.13.0,2.5.3,not used
kitti_mini,000001,float64,23,15.452800000,120060,0,0.000000000,"Intel64 Family 6 Model 141 Stepping 1, GenuineIntel",AMD64,Windows-11-10.0.26300-SP0,3.13.0,2.5.3,not used
kitti_mini,000001,float64,24,15.696800000,120060,0,0.000000000,"Intel64 Family 6 Model 141 Stepping 1, GenuineIntel",AMD64,Windows-11-10.0.26300-SP0,3.13.0,2.5.3,not used
kitti_mini,000001,float64,25,15.744500000,120060,0,0.000000000,"Intel64 Family 6 Model 141 Stepping 1, GenuineIntel",AMD64,Windows-11-10.0.26300-SP0,3.13.0,2.5.3,not used
kitti_mini,000001,float64,26,16.331500000,120060,0,0.000000000,"Intel64 Family 6 Model 141 Stepping 1, GenuineIntel",AMD64,Windows-11-10.0.26300-SP0,3.13.0,2.5.3,not used
kitti_mini,000001,float64,27,15.724600000,120060,0,0.000000000,"Intel64 Family 6 Model 141 Stepping 1, GenuineIntel",AMD64,Windows-11-10.0.26300-SP0,3.13.0,2.5.3,not used
kitti_mini,000001,float64,28,15.430700000,120060,0,0.000000000,"Intel64 Family 6 Model 141 Stepping 1, GenuineIntel",AMD64,Windows-11-10.0.26300-SP0,3.13.0,2.5.3,not used
kitti_mini,000001,float64,29,14.238800000,120060,0,0.000000000,"Intel64 Family 6 Model 141 Stepping 1, GenuineIntel",AMD64,Windows-11-10.0.26300-SP0,3.13.0,2.5.3,not used
kitti_mini,000001,float32,0,11.257100000,120060,0,0.000143750,"Intel64 Family 6 Model 141 Stepping 1, GenuineIntel",AMD64,Windows-11-10.0.26300-SP0,3.13.0,2.5.3,not used
kitti_mini,000001,float32,1,11.565900000,120060,0,0.000143750,"Intel64 Family 6 Model 141 Stepping 1, GenuineIntel",AMD64,Windows-11-10.0.26300-SP0,3.13.0,2.5.3,not used
kitti_mini,000001,float32,2,12.279200000,120060,0,0.000143750,"Intel64 Family 6 Model 141 Stepping 1, GenuineIntel",AMD64,Windows-11-10.0.26300-SP0,3.13.0,2.5.3,not used
kitti_mini,000001,float32,3,11.951100000,120060,0,0.000143750,"Intel64 Family 6 Model 141 Stepping 1, GenuineIntel",AMD64,Windows-11-10.0.26300-SP0,3.13.0,2.5.3,not used
kitti_mini,000001,float32,4,12.656500000,120060,0,0.000143750,"Intel64 Family 6 Model 141 Stepping 1, GenuineIntel",AMD64,Windows-11-10.0.26300-SP0,3.13.0,2.5.3,not used
kitti_mini,000001,float32,5,11.963600000,120060,0,0.000143750,"Intel64 Family 6 Model 141 Stepping 1, GenuineIntel",AMD64,Windows-11-10.0.26300-SP0,3.13.0,2.5.3,not used
kitti_mini,000001,float32,6,11.975900000,120060,0,0.000143750,"Intel64 Family 6 Model 141 Stepping 1, GenuineIntel",AMD64,Windows-11-10.0.26300-SP0,3.13.0,2.5.3,not used
kitti_mini,000001,float32,7,12.182300000,120060,0,0.000143750,"Intel64 Family 6 Model 141 Stepping 1, GenuineIntel",AMD64,Windows-11-10.0.26300-SP0,3.13.0,2.5.3,not used
kitti_mini,000001,float32,8,12.609700000,120060,0,0.000143750,"Intel64 Family 6 Model 141 Stepping 1, GenuineIntel",AMD64,Windows-11-10.0.26300-SP0,3.13.0,2.5.3,not used
kitti_mini,000001,float32,9,11.896600000,120060,0,0.000143750,"Intel64 Family 6 Model 141 Stepping 1, GenuineIntel",AMD64,Windows-11-10.0.26300-SP0,3.13.0,2.5.3,not used
kitti_mini,000001,float32,10,13.774900000,120060,0,0.000143750,"Intel64 Family 6 Model 141 Stepping 1, GenuineIntel",AMD64,Windows-11-10.0.26300-SP0,3.13.0,2.5.3,not used
kitti_mini,000001,float32,11,13.868800000,120060,0,0.000143750,"Intel64 Family 6 Model 141 Stepping 1, GenuineIntel",AMD64,Windows-11-10.0.26300-SP0,3.13.0,2.5.3,not used
kitti_mini,000001,float32,12,13.602700000,120060,0,0.000143750,"Intel64 Family 6 Model 141 Stepping 1, GenuineIntel",AMD64,Windows-11-10.0.26300-SP0,3.13.0,2.5.3,not used
kitti_mini,000001,float32,13,13.759700000,120060,0,0.000143750,"Intel64 Family 6 Model 141 Stepping 1, GenuineIntel",AMD64,Windows-11-10.0.26300-SP0,3.13.0,2.5.3,not used
kitti_mini,000001,float32,14,12.746300000,120060,0,0.000143750,"Intel64 Family 6 Model 141 Stepping 1, GenuineIntel",AMD64,Windows-11-10.0.26300-SP0,3.13.0,2.5.3,not used
kitti_mini,000001,float32,15,12.533200000,120060,0,0.000143750,"Intel64 Family 6 Model 141 Stepping 1, GenuineIntel",AMD64,Windows-11-10.0.26300-SP0,3.13.0,2.5.3,not used
kitti_mini,000001,float32,16,15.560500000,120060,0,0.000143750,"Intel64 Family 6 Model 141 Stepping 1, GenuineIntel",AMD64,Windows-11-10.0.26300-SP0,3.13.0,2.5.3,not used
kitti_mini,000001,float32,17,13.891600000,120060,0,0.000143750,"Intel64 Family 6 Model 141 Stepping 1, GenuineIntel",AMD64,Windows-11-10.0.26300-SP0,3.13.0,2.5.3,not used
kitti_mini,000001,float32,18,13.793800000,120060,0,0.000143750,"Intel64 Family 6 Model 141 Stepping 1, GenuineIntel",AMD64,Windows-11-10.0.26300-SP0,3.13.0,2.5.3,not used
kitti_mini,000001,float32,19,11.808200000,120060,0,0.000143750,"Intel64 Family 6 Model 141 Stepping 1, GenuineIntel",AMD64,Windows-11-10.0.26300-SP0,3.13.0,2.5.3,not used
kitti_mini,000001,float32,20,12.740300000,120060,0,0.000143750,"Intel64 Family 6 Model 141 Stepping 1, GenuineIntel",AMD64,Windows-11-10.0.26300-SP0,3.13.0,2.5.3,not used
kitti_mini,000001,float32,21,13.621900000,120060,0,0.000143750,"Intel64 Family 6 Model 141 Stepping 1, GenuineIntel",AMD64,Windows-11-10.0.26300-SP0,3.13.0,2.5.3,not used
kitti_mini,000001,float32,22,12.692900000,120060,0,0.000143750,"Intel64 Family 6 Model 141 Stepping 1, GenuineIntel",AMD64,Windows-11-10.0.26300-SP0,3.13.0,2.5.3,not used
kitti_mini,000001,float32,23,12.242300000,120060,0,0.000143750,"Intel64 Family 6 Model 141 Stepping 1, GenuineIntel",AMD64,Windows-11-10.0.26300-SP0,3.13.0,2.5.3,not used
kitti_mini,000001,float32,24,12.175600000,120060,0,0.000143750,"Intel64 Family 6 Model 141 Stepping 1, GenuineIntel",AMD64,Windows-11-10.0.26300-SP0,3.13.0,2.5.3,not used
kitti_mini,000001,float32,25,12.102700000,120060,0,0.000143750,"Intel64 Family 6 Model 141 Stepping 1, GenuineIntel",AMD64,Windows-11-10.0.26300-SP0,3.13.0,2.5.3,not used
kitti_mini,000001,float32,26,12.207500000,120060,0,0.000143750,"Intel64 Family 6 Model 141 Stepping 1, GenuineIntel",AMD64,Windows-11-10.0.26300-SP0,3.13.0,2.5.3,not used
kitti_mini,000001,float32,27,15.720600000,120060,0,0.000143750,"Intel64 Family 6 Model 141 Stepping 1, GenuineIntel",AMD64,Windows-11-10.0.26300-SP0,3.13.0,2.5.3,not used
kitti_mini,000001,float32,28,12.905200000,120060,0,0.000143750,"Intel64 Family 6 Model 141 Stepping 1, GenuineIntel",AMD64,Windows-11-10.0.26300-SP0,3.13.0,2.5.3,not used
kitti_mini,000001,float32,29,14.978300000,120060,0,0.000143750,"Intel64 Family 6 Model 141 Stepping 1, GenuineIntel",AMD64,Windows-11-10.0.26300-SP0,3.13.0,2.5.3,not used
nuscenes_mini_subset,scene-0103_000,float64,0,2.442300000,34519,0,0.000000000,"Intel64 Family 6 Model 141 Stepping 1, GenuineIntel",AMD64,Windows-11-10.0.26300-SP0,3.13.0,2.5.3,not used
nuscenes_mini_subset,scene-0103_000,float64,1,2.234700000,34519,0,0.000000000,"Intel64 Family 6 Model 141 Stepping 1, GenuineIntel",AMD64,Windows-11-10.0.26300-SP0,3.13.0,2.5.3,not used
nuscenes_mini_subset,scene-0103_000,float64,2,2.276000000,34519,0,0.000000000,"Intel64 Family 6 Model 141 Stepping 1, GenuineIntel",AMD64,Windows-11-10.0.26300-SP0,3.13.0,2.5.3,not used
nuscenes_mini_subset,scene-0103_000,float64,3,2.219000000,34519,0,0.000000000,"Intel64 Family 6 Model 141 Stepping 1, GenuineIntel",AMD64,Windows-11-10.0.26300-SP0,3.13.0,2.5.3,not used
nuscenes_mini_subset,scene-0103_000,float64,4,2.125500000,34519,0,0.000000000,"Intel64 Family 6 Model 141 Stepping 1, GenuineIntel",AMD64,Windows-11-10.0.26300-SP0,3.13.0,2.5.3,not used
nuscenes_mini_subset,scene-0103_000,float64,5,2.254100000,34519,0,0.000000000,"Intel64 Family 6 Model 141 Stepping 1, GenuineIntel",AMD64,Windows-11-10.0.26300-SP0,3.13.0,2.5.3,not used
nuscenes_mini_subset,scene-0103_000,float64,6,2.422000000,34519,0,0.000000000,"Intel64 Family 6 Model 141 Stepping 1, GenuineIntel",AMD64,Windows-11-10.0.26300-SP0,3.13.0,2.5.3,not used
nuscenes_mini_subset,scene-0103_000,float64,7,2.610300000,34519,0,0.000000000,"Intel64 Family 6 Model 141 Stepping 1, GenuineIntel",AMD64,Windows-11-10.0.26300-SP0,3.13.0,2.5.3,not used
nuscenes_mini_subset,scene-0103_000,float64,8,3.035400000,34519,0,0.000000000,"Intel64 Family 6 Model 141 Stepping 1, GenuineIntel",AMD64,Windows-11-10.0.26300-SP0,3.13.0,2.5.3,not used
nuscenes_mini_subset,scene-0103_000,float64,9,3.207600000,34519,0,0.000000000,"Intel64 Family 6 Model 141 Stepping 1, GenuineIntel",AMD64,Windows-11-10.0.26300-SP0,3.13.0,2.5.3,not used
nuscenes_mini_subset,scene-0103_000,float64,10,2.846200000,34519,0,0.000000000,"Intel64 Family 6 Model 141 Stepping 1, GenuineIntel",AMD64,Windows-11-10.0.26300-SP0,3.13.0,2.5.3,not used
nuscenes_mini_subset,scene-0103_000,float64,11,2.307700000,34519,0,0.000000000,"Intel64 Family 6 Model 141 Stepping 1, GenuineIntel",AMD64,Windows-11-10.0.26300-SP0,3.13.0,2.5.3,not used
nuscenes_mini_subset,scene-0103_000,float64,12,2.268200000,34519,0,0.000000000,"Intel64 Family 6 Model 141 Stepping 1, GenuineIntel",AMD64,Windows-11-10.0.26300-SP0,3.13.0,2.5.3,not used
nuscenes_mini_subset,scene-0103_000,float64,13,2.682800000,34519,0,0.000000000,"Intel64 Family 6 Model 141 Stepping 1, GenuineIntel",AMD64,Windows-11-10.0.26300-SP0,3.13.0,2.5.3,not used
nuscenes_mini_subset,scene-0103_000,float64,14,5.177800000,34519,0,0.000000000,"Intel64 Family 6 Model 141 Stepping 1, GenuineIntel",AMD64,Windows-11-10.0.26300-SP0,3.13.0,2.5.3,not used
nuscenes_mini_subset,scene-0103_000,float64,15,4.124300000,34519,0,0.000000000,"Intel64 Family 6 Model 141 Stepping 1, GenuineIntel",AMD64,Windows-11-10.0.26300-SP0,3.13.0,2.5.3,not used
nuscenes_mini_subset,scene-0103_000,float64,16,2.945400000,34519,0,0.000000000,"Intel64 Family 6 Model 141 Stepping 1, GenuineIntel",AMD64,Windows-11-10.0.26300-SP0,3.13.0,2.5.3,not used
nuscenes_mini_subset,scene-0103_000,float64,17,2.557600000,34519,0,0.000000000,"Intel64 Family 6 Model 141 Stepping 1, GenuineIntel",AMD64,Windows-11-10.0.26300-SP0,3.13.0,2.5.3,not used
nuscenes_mini_subset,scene-0103_000,float64,18,3.873100000,34519,0,0.000000000,"Intel64 Family 6 Model 141 Stepping 1, GenuineIntel",AMD64,Windows-11-10.0.26300-SP0,3.13.0,2.5.3,not used
nuscenes_mini_subset,scene-0103_000,float64,19,3.661800000,34519,0,0.000000000,"Intel64 Family 6 Model 141 Stepping 1, GenuineIntel",AMD64,Windows-11-10.0.26300-SP0,3.13.0,2.5.3,not used
nuscenes_mini_subset,scene-0103_000,float64,20,2.757700000,34519,0,0.000000000,"Intel64 Family 6 Model 141 Stepping 1, GenuineIntel",AMD64,Windows-11-10.0.26300-SP0,3.13.0,2.5.3,not used
nuscenes_mini_subset,scene-0103_000,float64,21,2.689100000,34519,0,0.000000000,"Intel64 Family 6 Model 141 Stepping 1, GenuineIntel",AMD64,Windows-11-10.0.26300-SP0,3.13.0,2.5.3,not used
nuscenes_mini_subset,scene-0103_000,float64,22,2.273900000,34519,0,0.000000000,"Intel64 Family 6 Model 141 Stepping 1, GenuineIntel",AMD64,Windows-11-10.0.26300-SP0,3.13.0,2.5.3,not used
nuscenes_mini_subset,scene-0103_000,float64,23,2.439100000,34519,0,0.000000000,"Intel64 Family 6 Model 141 Stepping 1, GenuineIntel",AMD64,Windows-11-10.0.26300-SP0,3.13.0,2.5.3,not used
nuscenes_mini_subset,scene-0103_000,float64,24,2.425600000,34519,0,0.000000000,"Intel64 Family 6 Model 141 Stepping 1, GenuineIntel",AMD64,Windows-11-10.0.26300-SP0,3.13.0,2.5.3,not used
nuscenes_mini_subset,scene-0103_000,float64,25,2.221800000,34519,0,0.000000000,"Intel64 Family 6 Model 141 Stepping 1, GenuineIntel",AMD64,Windows-11-10.0.26300-SP0,3.13.0,2.5.3,not used
nuscenes_mini_subset,scene-0103_000,float64,26,2.234500000,34519,0,0.000000000,"Intel64 Family 6 Model 141 Stepping 1, GenuineIntel",AMD64,Windows-11-10.0.26300-SP0,3.13.0,2.5.3,not used
nuscenes_mini_subset,scene-0103_000,float64,27,2.332900000,34519,0,0.000000000,"Intel64 Family 6 Model 141 Stepping 1, GenuineIntel",AMD64,Windows-11-10.0.26300-SP0,3.13.0,2.5.3,not used
nuscenes_mini_subset,scene-0103_000,float64,28,2.201700000,34519,0,0.000000000,"Intel64 Family 6 Model 141 Stepping 1, GenuineIntel",AMD64,Windows-11-10.0.26300-SP0,3.13.0,2.5.3,not used
nuscenes_mini_subset,scene-0103_000,float64,29,2.209400000,34519,0,0.000000000,"Intel64 Family 6 Model 141 Stepping 1, GenuineIntel",AMD64,Windows-11-10.0.26300-SP0,3.13.0,2.5.3,not used
nuscenes_mini_subset,scene-0103_000,float32,0,2.267400000,34519,0,0.000170126,"Intel64 Family 6 Model 141 Stepping 1, GenuineIntel",AMD64,Windows-11-10.0.26300-SP0,3.13.0,2.5.3,not used
nuscenes_mini_subset,scene-0103_000,float32,1,2.401600000,34519,0,0.000170126,"Intel64 Family 6 Model 141 Stepping 1, GenuineIntel",AMD64,Windows-11-10.0.26300-SP0,3.13.0,2.5.3,not used
nuscenes_mini_subset,scene-0103_000,float32,2,2.578900000,34519,0,0.000170126,"Intel64 Family 6 Model 141 Stepping 1, GenuineIntel",AMD64,Windows-11-10.0.26300-SP0,3.13.0,2.5.3,not used
nuscenes_mini_subset,scene-0103_000,float32,3,2.703000000,34519,0,0.000170126,"Intel64 Family 6 Model 141 Stepping 1, GenuineIntel",AMD64,Windows-11-10.0.26300-SP0,3.13.0,2.5.3,not used
nuscenes_mini_subset,scene-0103_000,float32,4,3.860100000,34519,0,0.000170126,"Intel64 Family 6 Model 141 Stepping 1, GenuineIntel",AMD64,Windows-11-10.0.26300-SP0,3.13.0,2.5.3,not used
nuscenes_mini_subset,scene-0103_000,float32,5,3.541700000,34519,0,0.000170126,"Intel64 Family 6 Model 141 Stepping 1, GenuineIntel",AMD64,Windows-11-10.0.26300-SP0,3.13.0,2.5.3,not used
nuscenes_mini_subset,scene-0103_000,float32,6,3.465600000,34519,0,0.000170126,"Intel64 Family 6 Model 141 Stepping 1, GenuineIntel",AMD64,Windows-11-10.0.26300-SP0,3.13.0,2.5.3,not used
nuscenes_mini_subset,scene-0103_000,float32,7,2.682600000,34519,0,0.000170126,"Intel64 Family 6 Model 141 Stepping 1, GenuineIntel",AMD64,Windows-11-10.0.26300-SP0,3.13.0,2.5.3,not used
nuscenes_mini_subset,scene-0103_000,float32,8,3.085600000,34519,0,0.000170126,"Intel64 Family 6 Model 141 Stepping 1, GenuineIntel",AMD64,Windows-11-10.0.26300-SP0,3.13.0,2.5.3,not used
nuscenes_mini_subset,scene-0103_000,float32,9,2.748600000,34519,0,0.000170126,"Intel64 Family 6 Model 141 Stepping 1, GenuineIntel",AMD64,Windows-11-10.0.26300-SP0,3.13.0,2.5.3,not used
nuscenes_mini_subset,scene-0103_000,float32,10,2.737900000,34519,0,0.000170126,"Intel64 Family 6 Model 141 Stepping 1, GenuineIntel",AMD64,Windows-11-10.0.26300-SP0,3.13.0,2.5.3,not used
nuscenes_mini_subset,scene-0103_000,float32,11,2.517400000,34519,0,0.000170126,"Intel64 Family 6 Model 141 Stepping 1, GenuineIntel",AMD64,Windows-11-10.0.26300-SP0,3.13.0,2.5.3,not used
nuscenes_mini_subset,scene-0103_000,float32,12,2.383500000,34519,0,0.000170126,"Intel64 Family 6 Model 141 Stepping 1, GenuineIntel",AMD64,Windows-11-10.0.26300-SP0,3.13.0,2.5.3,not used
nuscenes_mini_subset,scene-0103_000,float32,13,2.521600000,34519,0,0.000170126,"Intel64 Family 6 Model 141 Stepping 1, GenuineIntel",AMD64,Windows-11-10.0.26300-SP0,3.13.0,2.5.3,not used
nuscenes_mini_subset,scene-0103_000,float32,14,2.638200000,34519,0,0.000170126,"Intel64 Family 6 Model 141 Stepping 1, GenuineIntel",AMD64,Windows-11-10.0.26300-SP0,3.13.0,2.5.3,not used
nuscenes_mini_subset,scene-0103_000,float32,15,2.572500000,34519,0,0.000170126,"Intel64 Family 6 Model 141 Stepping 1, GenuineIntel",AMD64,Windows-11-10.0.26300-SP0,3.13.0,2.5.3,not used
nuscenes_mini_subset,scene-0103_000,float32,16,2.782900000,34519,0,0.000170126,"Intel64 Family 6 Model 141 Stepping 1, GenuineIntel",AMD64,Windows-11-10.0.26300-SP0,3.13.0,2.5.3,not used
nuscenes_mini_subset,scene-0103_000,float32,17,2.895500000,34519,0,0.000170126,"Intel64 Family 6 Model 141 Stepping 1, GenuineIntel",AMD64,Windows-11-10.0.26300-SP0,3.13.0,2.5.3,not used
nuscenes_mini_subset,scene-0103_000,float32,18,2.750500000,34519,0,0.000170126,"Intel64 Family 6 Model 141 Stepping 1, GenuineIntel",AMD64,Windows-11-10.0.26300-SP0,3.13.0,2.5.3,not used
nuscenes_mini_subset,scene-0103_000,float32,19,2.434600000,34519,0,0.000170126,"Intel64 Family 6 Model 141 Stepping 1, GenuineIntel",AMD64,Windows-11-10.0.26300-SP0,3.13.0,2.5.3,not used
nuscenes_mini_subset,scene-0103_000,float32,20,2.364500000,34519,0,0.000170126,"Intel64 Family 6 Model 141 Stepping 1, GenuineIntel",AMD64,Windows-11-10.0.26300-SP0,3.13.0,2.5.3,not used
nuscenes_mini_subset,scene-0103_000,float32,21,2.476300000,34519,0,0.000170126,"Intel64 Family 6 Model 141 Stepping 1, GenuineIntel",AMD64,Windows-11-10.0.26300-SP0,3.13.0,2.5.3,not used
nuscenes_mini_subset,scene-0103_000,float32,22,2.574500000,34519,0,0.000170126,"Intel64 Family 6 Model 141 Stepping 1, GenuineIntel",AMD64,Windows-11-10.0.26300-SP0,3.13.0,2.5.3,not used
nuscenes_mini_subset,scene-0103_000,float32,23,2.406900000,34519,0,0.000170126,"Intel64 Family 6 Model 141 Stepping 1, GenuineIntel",AMD64,Windows-11-10.0.26300-SP0,3.13.0,2.5.3,not used
nuscenes_mini_subset,scene-0103_000,float32,24,2.461900000,34519,0,0.000170126,"Intel64 Family 6 Model 141 Stepping 1, GenuineIntel",AMD64,Windows-11-10.0.26300-SP0,3.13.0,2.5.3,not used
nuscenes_mini_subset,scene-0103_000,float32,25,2.611500000,34519,0,0.000170126,"Intel64 Family 6 Model 141 Stepping 1, GenuineIntel",AMD64,Windows-11-10.0.26300-SP0,3.13.0,2.5.3,not used
nuscenes_mini_subset,scene-0103_000,float32,26,2.349400000,34519,0,0.000170126,"Intel64 Family 6 Model 141 Stepping 1, GenuineIntel",AMD64,Windows-11-10.0.26300-SP0,3.13.0,2.5.3,not used
nuscenes_mini_subset,scene-0103_000,float32,27,2.975400000,34519,0,0.000170126,"Intel64 Family 6 Model 141 Stepping 1, GenuineIntel",AMD64,Windows-11-10.0.26300-SP0,3.13.0,2.5.3,not used
nuscenes_mini_subset,scene-0103_000,float32,28,2.523000000,34519,0,0.000170126,"Intel64 Family 6 Model 141 Stepping 1, GenuineIntel",AMD64,Windows-11-10.0.26300-SP0,3.13.0,2.5.3,not used
nuscenes_mini_subset,scene-0103_000,float32,29,2.867400000,34519,0,0.000170126,"Intel64 Family 6 Model 141 Stepping 1, GenuineIntel",AMD64,Windows-11-10.0.26300-SP0,3.13.0,2.5.3,not used
