dataset,kind,level,retained_alignment,object_support,n_points,fov_ratio
kitti_mini,dropout,0.300000000,0.291333772,17937,35641.850000000,0.156513750
kitti_mini,dropout,0.500000000,0.482184310,29927,59423.050000000,0.156576692
kitti_mini,dropout,0.700000000,0.674319655,41982,83257.200000000,0.156853255
kitti_mini,dropout,0.900000000,0.852818155,53630,107001.350000000,0.156891767
kitti_mini,dropout,1.000000000,0.937406585,59664,118901.550000000,0.156912009
kitti_mini,noise,0.000000000,0.937406585,59664,118901.550000000,0.156912009
kitti_mini,noise,0.020000000,0.936375149,59664,118901.550000000,0.157101066
kitti_mini,noise,0.050000000,0.930016210,59664,118901.550000000,0.157277650
kitti_mini,noise,0.100000000,0.905715740,59664,118901.550000000,0.157542874
kitti_mini,noise,0.200000000,0.843331808,59664,118901.550000000,0.158721913
nuscenes_mini_subset,dropout,0.300000000,0.262207709,9365,10358.237500000,0.085998320
nuscenes_mini_subset,dropout,0.500000000,0.446230566,15694,17262.925000000,0.086355426
nuscenes_mini_subset,dropout,0.700000000,0.622676669,21997,24191.325000000,0.086569728
nuscenes_mini_subset,dropout,0.900000000,0.799579993,28253,31094.387500000,0.086557448
nuscenes_mini_subset,dropout,1.000000000,0.881361556,31374,34550.525000000,0.086499848
nuscenes_mini_subset,noise,0.000000000,0.881361556,31374,34550.525000000,0.086499848
nuscenes_mini_subset,noise,0.020000000,0.880482491,31374,34550.525000000,0.086390439
nuscenes_mini_subset,noise,0.050000000,0.873975024,31374,34550.525000000,0.086360689
nuscenes_mini_subset,noise,0.100000000,0.859464578,31374,34550.525000000,0.086727959
nuscenes_mini_subset,noise,0.200000000,0.811813277,31374,34550.525000000,0.087974712
