dataset,frame_id,kind,level,seed,n_points,fov_ratio,object_support,baseline_object_support,retained_alignment
kitti_mini,000001,dropout,1.000000000,21,120060,0.155147426,97,97,1.000000000
kitti_mini,000001,dropout,0.900000000,21,107922,0.154861845,87,97,0.952380952
kitti_mini,000001,dropout,0.700000000,21,83879,0.153363774,71,97,0.802645503
kitti_mini,000001,dropout,0.500000000,21,59810,0.154873767,51,97,0.587830688
kitti_mini,000001,dropout,0.300000000,21,35798,0.155846695,36,97,0.429100529
kitti_mini,000001,noise,0.000000000,21,120060,0.155147426,97,97,1.000000000
kitti_mini,000001,noise,0.020000000,21,120060,0.155505581,97,97,1.000000000
kitti_mini,000001,noise,0.050000000,21,120060,0.155730468,97,97,0.995238095
kitti_mini,000001,noise,0.100000000,21,120060,0.155813760,97,97,0.990476190
kitti_mini,000001,noise,0.200000000,21,120060,0.156921539,97,97,0.962433862
kitti_mini,000004,dropout,1.000000000,22,115795,0.163297206,103,103,1.000000000
kitti_mini,000004,dropout,0.900000000,22,104159,0.163663246,95,103,0.922577423
kitti_mini,000004,dropout,0.700000000,22,81161,0.163317357,74,103,0.722527473
kitti_mini,000004,dropout,0.500000000,22,57880,0.162214927,54,103,0.503496503
kitti_mini,000004,dropout,0.300000000,22,34827,0.162144313,33,103,0.316183816
kitti_mini,000004,noise,0.000000000,22,115795,0.163297206,103,103,1.000000000
kitti_mini,000004,noise,0.020000000,22,115795,0.163564921,103,103,1.000000000
kitti_mini,000004,noise,0.050000000,22,115795,0.163703096,103,103,1.000000000
kitti_mini,000004,noise,0.100000000,22,115795,0.164126258,103,103,0.993506494
kitti_mini,000004,noise,0.200000000,22,115795,0.165508010,103,103,0.967782218
kitti_mini,000007,dropout,1.000000000,23,122083,0.157458450,240,240,1.000000000
kitti_mini,000007,dropout,0.900000000,23,109770,0.157356290,216,240,0.930664095
kitti_mini,000007,dropout,0.700000000,23,85440,0.156694757,169,240,0.677754202
kitti_mini,000007,dropout,0.500000000,23,60995,0.156258710,115,240,0.508611188
kitti_mini,000007,dropout,0.300000000,23,36704,0.154942241,67,240,0.308319096
kitti_mini,000007,noise,0.000000000,23,122083,0.157458450,240,240,1.000000000
kitti_mini,000007,noise,0.020000000,23,122083,0.157695994,240,240,1.000000000
kitti_mini,000007,noise,0.050000000,23,122083,0.157720567,240,240,0.997382199
kitti_mini,000007,noise,0.100000000,23,122083,0.157917155,240,240,0.990837696
kitti_mini,000007,noise,0.200000000,23,122083,0.158932857,240,240,0.917803803
kitti_mini,000008,dropout,1.000000000,24,122128,0.140033408,10103,10103,0.843847730
kitti_mini,000008,dropout,0.900000000,24,109931,0.139951424,9097,10103,0.772688219
kitti_mini,000008,dropout,0.700000000,24,85276,0.140895445,7143,10103,0.585779825
kitti_mini,000008,dropout,0.500000000,24,60986,0.140622438,5157,10103,0.407500004
kitti_mini,000008,dropout,0.300000000,24,36673,0.141384670,3088,10103,0.245990654
kitti_mini,000008,noise,0.000000000,24,122128,0.140033408,10103,10103,0.843847730
kitti_mini,000008,noise,0.020000000,24,122128,0.140319992,10103,10103,0.842789485
kitti_mini,000008,noise,0.050000000,24,122128,0.140344557,10103,10103,0.840106708
kitti_mini,000008,noise,0.100000000,24,122128,0.140541072,10103,10103,0.817907723
kitti_mini,000008,noise,0.200000000,24,122128,0.141441766,10103,10103,0.768111665
kitti_mini,000009,dropout,1.000000000,25,123229,0.155872400,219,219,1.000000000
kitti_mini,000009,dropout,0.900000000,25,110905,0.156611514,195,219,0.890410959
kitti_mini,000009,dropout,0.700000000,25,86462,0.156808771,157,219,0.716894977
kitti_mini,000009,dropout,0.500000000,25,61879,0.156789864,121,219,0.552511416
kitti_mini,000009,dropout,0.300000000,25,37210,0.156140822,75,219,0.342465753
kitti_mini,000009,noise,0.000000000,25,123229,0.155872400,219,219,1.000000000
kitti_mini,000009,noise,0.020000000,25,123229,0.156123964,219,219,1.000000000
kitti_mini,000009,noise,0.050000000,25,123229,0.156205114,219,219,1.000000000
kitti_mini,000009,noise,0.100000000,25,123229,0.156521598,219,219,0.972602740
kitti_mini,000009,noise,0.200000000,25,123229,0.157576544,219,219,0.894977169
kitti_mini,000010,dropout,1.000000000,26,115166,0.140762030,3426,3426,0.907598784
kitti_mini,000010,dropout,0.900000000,26,103731,0.140989675,3104,3426,0.828912129
kitti_mini,000010,dropout,0.700000000,26,80730,0.140418680,2453,3426,0.646219330
kitti_mini,000010,dropout,0.500000000,26,57563,0.140402689,1732,3426,0.448772745
kitti_mini,000010,dropout,0.300000000,26,34615,0.140834898,1066,3426,0.297321583
kitti_mini,000010,noise,0.000000000,26,115166,0.140762030,3426,3426,0.907598784
kitti_mini,000010,noise,0.020000000,26,115166,0.140892277,3426,3426,0.899668535
kitti_mini,000010,noise,0.050000000,26,115166,0.141005158,3426,3426,0.889070798
kitti_mini,000010,noise,0.100000000,26,115166,0.141526145,3426,3426,0.885318748
kitti_mini,000010,noise,0.200000000,26,115166,0.142741781,3426,3426,0.821459542
kitti_mini,000011,dropout,1.000000000,27,107921,0.184403406,3766,3766,0.842841700
kitti_mini,000011,dropout,0.900000000,27,97001,0.184451707,3377,3766,0.752212652
kitti_mini,000011,dropout,0.700000000,27,75261,0.184783620,2617,3766,0.560177891
kitti_mini,000011,dropout,0.500000000,27,53851,0.185029062,1869,3766,0.395138375
kitti_mini,000011,dropout,0.300000000,27,32318,0.182870227,1107,3766,0.245243630
kitti_mini,000011,noise,0.000000000,27,107921,0.184403406,3766,3766,0.842841700
kitti_mini,000011,noise,0.020000000,27,107921,0.184783314,3766,3766,0.836578785
kitti_mini,000011,noise,0.050000000,27,107921,0.184940836,3766,3766,0.821025537
kitti_mini,000011,noise,0.100000000,27,107921,0.185376340,3766,3766,0.759277744
kitti_mini,000011,noise,0.200000000,27,107921,0.186441934,3766,3766,0.663252454
kitti_mini,000012,dropout,1.000000000,28,118494,0.154750451,52,52,1.000000000
kitti_mini,000012,dropout,0.900000000,28,106727,0.155546394,50,52,0.948717949
kitti_mini,000012,dropout,0.700000000,28,83048,0.155945959,45,52,0.884615385
kitti_mini,000012,dropout,0.500000000,28,59227,0.155216371,29,52,0.525641026
kitti_mini,000012,dropout,0.300000000,28,35427,0.156264996,18,52,0.333333333
kitti_mini,000012,noise,0.000000000,28,118494,0.154750451,52,52,1.000000000
kitti_mini,000012,noise,0.020000000,28,118494,0.154877040,52,52,1.000000000
kitti_mini,000012,noise,0.050000000,28,118494,0.154919236,52,52,1.000000000
kitti_mini,000012,noise,0.100000000,28,118494,0.155307442,52,52,0.961538462
kitti_mini,000012,noise,0.200000000,28,118494,0.156252637,52,52,0.910256410
kitti_mini,000015,dropout,1.000000000,29,122469,0.149360246,6434,6434,0.794880150
kitti_mini,000015,dropout,0.900000000,29,110345,0.149231954,5773,6434,0.708380900
kitti_mini,000015,dropout,0.700000000,29,86059,0.149048908,4540,6434,0.554151242
kitti_mini,000015,dropout,0.500000000,29,61456,0.148887009,3251,6434,0.372860222
kitti_mini,000015,dropout,0.300000000,29,36831,0.149276425,1982,6434,0.220361899
kitti_mini,000015,noise,0.000000000,29,122469,0.149360246,6434,6434,0.794880150
kitti_mini,000015,noise,0.020000000,29,122469,0.149711356,6434,6434,0.790620786
kitti_mini,000015,noise,0.050000000,29,122469,0.150103291,6434,6434,0.775827436
kitti_mini,000015,noise,0.100000000,29,122469,0.150519723,6434,6434,0.752395998
kitti_mini,000015,noise,0.200000000,29,122469,0.151662870,6434,6434,0.671336143
kitti_mini,000016,dropout,1.000000000,30,111849,0.157453352,4109,4109,0.971721112
kitti_mini,000016,dropout,0.900000000,30,100507,0.157093536,3682,4109,0.904911931
kitti_mini,000016,dropout,0.700000000,30,78155,0.156931738,2887,4109,0.739407689
kitti_mini,000016,dropout,0.500000000,30,55589,0.155174585,2044,4109,0.595106820
kitti_mini,000016,dropout,0.300000000,30,33276,0.157561005,1257,4109,0.322539023
kitti_mini,000016,noise,0.000000000,30,111849,0.157453352,4109,4109,0.971721112
kitti_mini,000016,noise,0.020000000,30,111849,0.157560640,4109,4109,0.971526085
kitti_mini,000016,noise,0.050000000,30,111849,0.157882502,4109,4109,0.971038518
kitti_mini,000016,noise,0.100000000,30,111849,0.157954027,4109,4109,0.967719207
kitti_mini,000016,noise,0.200000000,30,111849,0.159348765,4109,4109,0.928938622
kitti_mini,000019,dropout,1.000000000,31,115458,0.160906996,8995,8995,0.909221902
kitti_mini,000019,dropout,0.900000000,31,103944,0.160182406,8100,8995,0.798806936
kitti_mini,000019,dropout,0.700000000,31,80858,0.160602538,6292,8995,0.597106229
kitti_mini,000019,dropout,0.500000000,31,57670,0.159476331,4442,8995,0.448589341
kitti_mini,000019,dropout,0.300000000,31,34337,0.159769345,2634,8995,0.268008111
kitti_mini,000019,noise,0.000000000,31,115458,0.160906996,8995,8995,0.909221902
kitti_mini,000019,noise,0.020000000,31,115458,0.160872352,8995,8995,0.908451365
kitti_mini,000019,noise,0.050000000,31,115458,0.161002269,8995,8995,0.907112556
kitti_mini,000019,noise,0.100000000,31,115458,0.161071558,8995,8995,0.892647641
kitti_mini,000019,noise,0.200000000,31,115458,0.162301443,8995,8995,0.846852975
kitti_mini,000021,dropout,1.000000000,32,124914,0.158428999,3903,3903,0.889824798
kitti_mini,000021,dropout,0.900000000,32,112485,0.158047740,3475,3903,0.798190666
kitti_mini,000021,dropout,0.700000000,32,87462,0.157977179,2704,3903,0.629510520
kitti_mini,000021,dropout,0.500000000,32,62345,0.157879541,1900,3903,0.439416414
kitti_mini,000021,dropout,0.300000000,32,37344,0.157106898,1129,3903,0.259158282
kitti_mini,000021,noise,0.000000000,32,124914,0.158428999,3903,3903,0.889824798
kitti_mini,000021,noise,0.020000000,32,124914,0.158637142,3903,3903,0.884583994
kitti_mini,000021,noise,0.050000000,32,124914,0.158845286,3903,3903,0.876675608
kitti_mini,000021,noise,0.100000000,32,124914,0.158957363,3903,3903,0.856544574
kitti_mini,000021,noise,0.200000000,32,124914,0.160494420,3903,3903,0.816822015
kitti_mini,000023,dropout,1.000000000,33,120166,0.154611121,107,107,1.000000000
kitti_mini,000023,dropout,0.900000000,33,108183,0.154608395,94,107,0.853707554
kitti_mini,000023,dropout,0.700000000,33,84138,0.154448644,75,107,0.668225918
kitti_mini,000023,dropout,0.500000000,33,60177,0.154577330,56,107,0.467394317
kitti_mini,000023,dropout,0.300000000,33,36011,0.153925190,29,107,0.221552322
kitti_mini,000023,noise,0.000000000,33,120166,0.154611121,107,107,1.000000000
kitti_mini,000023,noise,0.020000000,33,120166,0.154919029,107,107,1.000000000
kitti_mini,000023,noise,0.050000000,33,120166,0.155301832,107,107,1.000000000
kitti_mini,000023,noise,0.100000000,33,120166,0.155792820,107,107,0.940990991
kitti_mini,000023,noise,0.200000000,33,120166,0.157315713,107,107,0.881981982
kitti_mini,000025,dropout,1.000000000,34,115419,0.150564465,2865,2865,0.850770786
kitti_mini,000025,dropout,0.900000000,34,103915,0.150016841,2562,2865,0.769779054
kitti_mini,000025,dropout,0.700000000,34,80839,0.150125558,1990,2865,0.596658997
kitti_mini,000025,dropout,0.500000000,34,57719,0.149378887,1437,2865,0.454234226
kitti_mini,000025,dropout,0.300000000,34,34669,0.150105281,849,2865,0.265912444
kitti_mini,000025,noise,0.000000000,34,115419,0.150564465,2865,2865,0.850770786
kitti_mini,000025,noise,0.020000000,34,115419,0.150711755,2865,2865,0.850518069
kitti_mini,000025,noise,0.050000000,34,115419,0.150876372,2865,2865,0.842388248
kitti_mini,000025,noise,0.100000000,34,115419,0.150989005,2865,2865,0.808300985
kitti_mini,000025,noise,0.200000000,34,115419,0.151794765,2865,2865,0.712531187
kitti_mini,000031,dropout,1.000000000,35,121227,0.155476915,3074,3074,1.000000000
kitti_mini,000031,dropout,0.900000000,35,109159,0.155305563,2752,3074,0.888813190
kitti_mini,000031,dropout,0.700000000,35,85031,0.156143054,2164,3074,0.654814733
kitti_mini,000031,dropout,0.500000000,35,60657,0.156387556,1552,3074,0.466092329
kitti_mini,000031,dropout,0.300000000,35,36232,0.156657099,899,3074,0.272622918
kitti_mini,000031,noise,0.000000000,35,121227,0.155476915,3074,3074,1.000000000
kitti_mini,000031,noise,0.020000000,35,121227,0.155518160,3074,3074,0.999027237
kitti_mini,000031,noise,0.050000000,35,121227,0.155435670,3074,3074,0.995138068
kitti_mini,000031,noise,0.100000000,35,121227,0.155691389,3074,3074,0.980512200
kitti_mini,000031,noise,0.200000000,35,121227,0.156706014,3074,3074,0.927266035
kitti_mini,000032,dropout,1.000000000,36,118489,0.163787356,4987,4987,0.999852071
kitti_mini,000032,dropout,0.900000000,36,106676,0.163804417,4506,4987,0.911944364
kitti_mini,000032,dropout,0.700000000,36,83179,0.162961805,3520,4987,0.714095799
kitti_mini,000032,dropout,0.500000000,36,59602,0.163434113,2545,4987,0.516876975
kitti_mini,000032,dropout,0.300000000,36,35892,0.162766076,1541,4987,0.320067438
kitti_mini,000032,noise,0.000000000,36,118489,0.163787356,4987,4987,0.999852071
kitti_mini,000032,noise,0.020000000,36,118489,0.163863312,4987,4987,0.999364266
kitti_mini,000032,noise,0.050000000,36,118489,0.164141819,4987,4987,0.997927757
kitti_mini,000032,noise,0.100000000,36,118489,0.164361249,4987,4987,0.983838688
kitti_mini,000032,noise,0.200000000,36,118489,0.165686266,4987,4987,0.934536813
kitti_mini,000043,dropout,1.000000000,37,122478,0.160298176,514,514,0.980293834
kitti_mini,000043,dropout,0.900000000,37,110369,0.161123141,477,514,0.907063201
kitti_mini,000043,dropout,0.700000000,37,85930,0.161212615,370,514,0.709278155
kitti_mini,000043,dropout,0.500000000,37,61232,0.161255553,269,514,0.511276951
kitti_mini,000043,dropout,0.300000000,37,36727,0.160481390,142,514,0.265749524
kitti_mini,000043,noise,0.000000000,37,122478,0.160298176,514,514,0.980293834
kitti_mini,000043,noise,0.020000000,37,122478,0.160396153,514,514,0.980293834
kitti_mini,000043,noise,0.050000000,37,122478,0.160796225,514,514,0.958726103
kitti_mini,000043,noise,0.100000000,37,122478,0.160992178,514,514,0.913385093
kitti_mini,000043,noise,0.200000000,37,122478,0.162216888,514,514,0.771783898
kitti_mini,000048,dropout,1.000000000,38,122572,0.161341905,402,402,0.932577029
kitti_mini,000048,dropout,0.900000000,38,110400,0.161567029,361,402,0.834902634
kitti_mini,000048,dropout,0.700000000,38,85912,0.162061179,279,402,0.643440356
kitti_mini,000048,dropout,0.500000000,38,60884,0.162669995,205,402,0.473747900
kitti_mini,000048,dropout,0.300000000,38,36630,0.164728365,133,402,0.313425550
kitti_mini,000048,noise,0.000000000,38,122572,0.161341905,402,402,0.932577029
kitti_mini,000048,noise,0.020000000,38,122572,0.161602976,402,402,0.936830157
kitti_mini,000048,noise,0.050000000,38,122572,0.162010900,402,402,0.930772672
kitti_mini,000048,noise,0.100000000,38,122572,0.162255654,402,402,0.902085587
kitti_mini,000048,noise,0.200000000,38,122572,0.163577326,402,402,0.801281809
kitti_mini,000049,dropout,1.000000000,39,112972,0.156808767,4673,4673,0.975722217
kitti_mini,000049,dropout,0.900000000,39,101477,0.156271865,4180,4673,0.884463117
kitti_mini,000049,dropout,0.700000000,39,78932,0.156615821,3279,4673,0.705076497
kitti_mini,000049,dropout,0.500000000,39,56394,0.155229280,2278,4673,0.488800717
kitti_mini,000049,dropout,0.300000000,39,33618,0.154649295,1353,4673,0.273008959
kitti_mini,000049,noise,0.000000000,39,112972,0.156808767,4673,4673,0.975722217
kitti_mini,000049,noise,0.020000000,39,112972,0.156764508,4673,4673,0.976861182
kitti_mini,000049,noise,0.050000000,39,112972,0.156791063,4673,4673,0.965085608
kitti_mini,000049,noise,0.100000000,39,112972,0.157074319,4673,4673,0.945898637
kitti_mini,000049,noise,0.200000000,39,112972,0.158313564,4673,4673,0.896903251
kitti_mini,000061,dropout,1.000000000,40,125142,0.157477106,1595,1595,0.848979592
kitti_mini,000061,dropout,0.900000000,40,112421,0.157150354,1447,1595,0.796835180
kitti_mini,000061,dropout,0.700000000,40,87392,0.156707708,1153,1595,0.678012381
kitti_mini,000061,dropout,0.500000000,40,62545,0.155775841,820,1595,0.479788048
kitti_mini,000061,dropout,0.300000000,40,37698,0.152819778,499,1595,0.306310567
kitti_mini,000061,noise,0.000000000,40,125142,0.157477106,1595,1595,0.848979592
kitti_mini,000061,noise,0.020000000,40,125142,0.157700852,1595,1595,0.850389202
kitti_mini,000061,noise,0.050000000,40,125142,0.157796743,1595,1595,0.836808293
kitti_mini,000061,noise,0.100000000,40,125142,0.158068434,1595,1595,0.798529402
kitti_mini,000061,noise,0.200000000,40,125142,0.159203145,1595,1595,0.770324306
nuscenes_mini_subset,scene-0103_000,dropout,1.000000000,21,34519,0.085112547,27,27,1.000000000
nuscenes_mini_subset,scene-0103_000,dropout,0.900000000,21,31000,0.086419355,26,27,0.950000000
nuscenes_mini_subset,scene-0103_000,dropout,0.700000000,21,23965,0.086918423,20,27,0.750694444
nuscenes_mini_subset,scene-0103_000,dropout,0.500000000,21,17039,0.085861846,12,27,0.458333333
nuscenes_mini_subset,scene-0103_000,dropout,0.300000000,21,10197,0.084142395,5,27,0.209027778
nuscenes_mini_subset,scene-0103_000,noise,0.000000000,21,34519,0.085112547,27,27,1.000000000
nuscenes_mini_subset,scene-0103_000,noise,0.020000000,21,34519,0.085141516,27,27,1.000000000
nuscenes_mini_subset,scene-0103_000,noise,0.050000000,21,34519,0.084996669,27,27,1.000000000
nuscenes_mini_subset,scene-0103_000,noise,0.100000000,21,34519,0.084967699,27,27,0.950000000
nuscenes_mini_subset,scene-0103_000,noise,0.200000000,21,34519,0.085952664,27,27,0.850000000
nuscenes_mini_subset,scene-0103_001,dropout,1.000000000,22,34477,0.086521449,42,42,0.990476190
nuscenes_mini_subset,scene-0103_001,dropout,0.900000000,22,31066,0.085913861,36,42,0.848571429
nuscenes_mini_subset,scene-0103_001,dropout,0.700000000,22,24170,0.085601986,24,42,0.595238095
nuscenes_mini_subset,scene-0103_001,dropout,0.500000000,22,17174,0.082741353,15,42,0.380000000
nuscenes_mini_subset,scene-0103_001,dropout,0.300000000,22,10410,0.080979827,7,42,0.127619048
nuscenes_mini_subset,scene-0103_001,noise,0.000000000,22,34477,0.086521449,42,42,0.990476190
nuscenes_mini_subset,scene-0103_001,noise,0.020000000,22,34477,0.086405430,42,42,1.000000000
nuscenes_mini_subset,scene-0103_001,noise,0.050000000,22,34477,0.086376425,42,42,0.990476190
nuscenes_mini_subset,scene-0103_001,noise,0.100000000,22,34477,0.086724483,42,42,0.961904762
nuscenes_mini_subset,scene-0103_001,noise,0.200000000,22,34477,0.087942686,42,42,0.765714286
nuscenes_mini_subset,scene-0103_002,dropout,1.000000000,23,34627,0.088312588,29,29,1.000000000
nuscenes_mini_subset,scene-0103_002,dropout,0.900000000,23,31179,0.088970140,29,29,1.000000000
nuscenes_mini_subset,scene-0103_002,dropout,0.700000000,23,24432,0.088695154,24,29,0.796022727
nuscenes_mini_subset,scene-0103_002,dropout,0.500000000,23,17385,0.088582111,17,29,0.582386364
nuscenes_mini_subset,scene-0103_002,dropout,0.300000000,23,10519,0.085654530,11,29,0.410227273
nuscenes_mini_subset,scene-0103_002,noise,0.000000000,23,34627,0.088312588,29,29,1.000000000
nuscenes_mini_subset,scene-0103_002,noise,0.020000000,23,34627,0.088428105,29,29,1.000000000
nuscenes_mini_subset,scene-0103_002,noise,0.050000000,23,34627,0.088225951,29,29,1.000000000
nuscenes_mini_subset,scene-0103_002,noise,0.100000000,23,34627,0.088572501,29,29,1.000000000
nuscenes_mini_subset,scene-0103_002,noise,0.200000000,23,34627,0.089727669,29,29,0.868750000
nuscenes_mini_subset,scene-0103_003,dropout,1.000000000,24,34655,0.088847208,47,47,1.000000000
nuscenes_mini_subset,scene-0103_003,dropout,0.900000000,24,31192,0.089157476,45,47,0.970000000
nuscenes_mini_subset,scene-0103_003,dropout,0.700000000,24,24189,0.087312415,32,47,0.699285714
nuscenes_mini_subset,scene-0103_003,dropout,0.500000000,24,17320,0.087759815,21,47,0.450714286
nuscenes_mini_subset,scene-0103_003,dropout,0.300000000,24,10365,0.088374337,12,47,0.259047619
nuscenes_mini_subset,scene-0103_003,noise,0.000000000,24,34655,0.088847208,47,47,1.000000000
nuscenes_mini_subset,scene-0103_003,noise,0.020000000,24,34655,0.088760641,47,47,1.000000000
nuscenes_mini_subset,scene-0103_003,noise,0.050000000,24,34655,0.088818352,47,47,1.000000000
nuscenes_mini_subset,scene-0103_003,noise,0.100000000,24,34655,0.089222334,47,47,0.946666667
nuscenes_mini_subset,scene-0103_003,noise,0.200000000,24,34655,0.090895975,47,47,0.855000000
nuscenes_mini_subset,scene-0103_004,dropout,1.000000000,25,34745,0.087782415,126,126,0.841750842
nuscenes_mini_subset,scene-0103_004,dropout,0.900000000,25,31237,0.087940583,119,126,0.795556456
nuscenes_mini_subset,scene-0103_004,dropout,0.700000000,25,24433,0.088241313,92,126,0.625822655
nuscenes_mini_subset,scene-0103_004,dropout,0.500000000,25,17413,0.087291104,66,126,0.420278368
nuscenes_mini_subset,scene-0103_004,dropout,0.300000000,25,10558,0.085148702,41,126,0.221279620
nuscenes_mini_subset,scene-0103_004,noise,0.000000000,25,34745,0.087782415,126,126,0.841750842
nuscenes_mini_subset,scene-0103_004,noise,0.020000000,25,34745,0.087609728,126,126,0.841750842
nuscenes_mini_subset,scene-0103_004,noise,0.050000000,25,34745,0.087696071,126,126,0.833894501
nuscenes_mini_subset,scene-0103_004,noise,0.100000000,25,34745,0.088214132,126,126,0.787157287
nuscenes_mini_subset,scene-0103_004,noise,0.200000000,25,34745,0.088991222,126,126,0.724384720
nuscenes_mini_subset,scene-0103_005,dropout,1.000000000,26,34685,0.088020758,551,551,0.859099804
nuscenes_mini_subset,scene-0103_005,dropout,0.900000000,26,31261,0.088320911,483,551,0.649448877
nuscenes_mini_subset,scene-0103_005,dropout,0.700000000,26,24227,0.088455030,370,551,0.472921092
nuscenes_mini_subset,scene-0103_005,dropout,0.500000000,26,17289,0.085430042,263,551,0.318435725
nuscenes_mini_subset,scene-0103_005,dropout,0.300000000,26,10411,0.082893094,162,551,0.184690373
nuscenes_mini_subset,scene-0103_005,noise,0.000000000,26,34685,0.088020758,551,551,0.859099804
nuscenes_mini_subset,scene-0103_005,noise,0.020000000,26,34685,0.088107251,551,551,0.826418787
nuscenes_mini_subset,scene-0103_005,noise,0.050000000,26,34685,0.088107251,551,551,0.759099804
nuscenes_mini_subset,scene-0103_005,noise,0.100000000,26,34685,0.088597376,551,551,0.719479987
nuscenes_mini_subset,scene-0103_005,noise,0.200000000,26,34685,0.089346980,551,551,0.574629658
nuscenes_mini_subset,scene-0103_006,dropout,1.000000000,27,34659,0.091087452,56,56,0.880000000
nuscenes_mini_subset,scene-0103_006,dropout,0.900000000,27,31176,0.091512702,49,56,0.745664160
nuscenes_mini_subset,scene-0103_006,dropout,0.700000000,27,24222,0.091817356,42,56,0.668521303
nuscenes_mini_subset,scene-0103_006,dropout,0.500000000,27,17367,0.092416652,30,56,0.499649123
nuscenes_mini_subset,scene-0103_006,dropout,0.300000000,27,10460,0.093690249,21,56,0.346115288
nuscenes_mini_subset,scene-0103_006,noise,0.000000000,27,34659,0.091087452,56,56,0.880000000
nuscenes_mini_subset,scene-0103_006,noise,0.020000000,27,34659,0.090943189,56,56,0.900000000
nuscenes_mini_subset,scene-0103_006,noise,0.050000000,27,34659,0.091231715,56,56,0.900000000
nuscenes_mini_subset,scene-0103_006,noise,0.100000000,27,34659,0.091577945,56,56,0.835187970
nuscenes_mini_subset,scene-0103_006,noise,0.200000000,27,34659,0.092501226,56,56,0.729473684
nuscenes_mini_subset,scene-0103_007,dropout,1.000000000,28,34667,0.090316439,132,132,1.000000000
nuscenes_mini_subset,scene-0103_007,dropout,0.900000000,28,31329,0.090299722,119,132,0.908444773
nuscenes_mini_subset,scene-0103_007,dropout,0.700000000,28,24370,0.090726303,98,132,0.763028160
nuscenes_mini_subset,scene-0103_007,dropout,0.500000000,28,17343,0.091737300,63,132,0.499530024
nuscenes_mini_subset,scene-0103_007,dropout,0.300000000,28,10332,0.089721254,36,132,0.210769577
nuscenes_mini_subset,scene-0103_007,noise,0.000000000,28,34667,0.090316439,132,132,1.000000000
nuscenes_mini_subset,scene-0103_007,noise,0.020000000,28,34667,0.090402977,132,132,1.000000000
nuscenes_mini_subset,scene-0103_007,noise,0.050000000,28,34667,0.090460669,132,132,1.000000000
nuscenes_mini_subset,scene-0103_007,noise,0.100000000,28,34667,0.090777973,132,132,1.000000000
nuscenes_mini_subset,scene-0103_007,noise,0.200000000,28,34667,0.091989500,132,132,0.908118812
nuscenes_mini_subset,scene-0103_008,dropout,1.000000000,29,34671,0.084364454,1404,1404,0.809111277
nuscenes_mini_subset,scene-0103_008,dropout,0.900000000,29,31185,0.085169152,1266,1404,0.804048419
nuscenes_mini_subset,scene-0103_008,dropout,0.700000000,29,24358,0.084694967,1001,1404,0.707613180
nuscenes_mini_subset,scene-0103_008,dropout,0.500000000,29,17355,0.085393258,716,1404,0.574896511
nuscenes_mini_subset,scene-0103_008,dropout,0.300000000,29,10459,0.082321446,429,1404,0.250188574
nuscenes_mini_subset,scene-0103_008,noise,0.000000000,29,34671,0.084364454,1404,1404,0.809111277
nuscenes_mini_subset,scene-0103_008,noise,0.020000000,29,34671,0.084393297,1404,1404,0.809410007
nuscenes_mini_subset,scene-0103_008,noise,0.050000000,29,34671,0.084191399,1404,1404,0.809410007
nuscenes_mini_subset,scene-0103_008,noise,0.100000000,29,34671,0.085085518,1404,1404,0.809559373
nuscenes_mini_subset,scene-0103_008,noise,0.200000000,29,34671,0.086902599,1404,1404,0.805542071
nuscenes_mini_subset,scene-0103_009,dropout,1.000000000,30,34638,0.085859461,147,147,0.913725490
nuscenes_mini_subset,scene-0103_009,dropout,0.900000000,30,31138,0.085875779,131,147,0.838680033
nuscenes_mini_subset,scene-0103_009,dropout,0.700000000,30,24256,0.086494063,100,147,0.585320163
nuscenes_mini_subset,scene-0103_009,dropout,0.500000000,30,17236,0.084764447,74,147,0.454780087
nuscenes_mini_subset,scene-0103_009,dropout,0.300000000,30,10276,0.081354613,44,147,0.211206447
nuscenes_mini_subset,scene-0103_009,noise,0.000000000,30,34638,0.085859461,147,147,0.913725490
nuscenes_mini_subset,scene-0103_009,noise,0.020000000,30,34638,0.085888331,147,147,0.915686275
nuscenes_mini_subset,scene-0103_009,noise,0.050000000,30,34638,0.085830591,147,147,0.913725490
nuscenes_mini_subset,scene-0103_009,noise,0.100000000,30,34638,0.086407991,147,147,0.909803922
nuscenes_mini_subset,scene-0103_009,noise,0.200000000,30,34638,0.087851493,147,147,0.873133815
nuscenes_mini_subset,scene-0103_010,dropout,1.000000000,31,34631,0.087753747,358,358,0.770833333
nuscenes_mini_subset,scene-0103_010,dropout,0.900000000,31,31211,0.086860402,328,358,0.716598441
nuscenes_mini_subset,scene-0103_010,dropout,0.700000000,31,24265,0.086626829,267,358,0.605849346
nuscenes_mini_subset,scene-0103_010,dropout,0.500000000,31,17300,0.085606936,196,358,0.483492063
nuscenes_mini_subset,scene-0103_010,dropout,0.300000000,31,10243,0.085033682,116,358,0.253748260
nuscenes_mini_subset,scene-0103_010,noise,0.000000000,31,34631,0.087753747,358,358,0.770833333
nuscenes_mini_subset,scene-0103_010,noise,0.020000000,31,34631,0.087724871,358,358,0.770833333
nuscenes_mini_subset,scene-0103_010,noise,0.050000000,31,34631,0.087869250,358,358,0.770833333
nuscenes_mini_subset,scene-0103_010,noise,0.100000000,31,34631,0.088302388,358,358,0.757675439
nuscenes_mini_subset,scene-0103_010,noise,0.200000000,31,34631,0.089197540,358,358,0.753289474
nuscenes_mini_subset,scene-0103_011,dropout,1.000000000,32,34590,0.087019370,132,132,0.737019231
nuscenes_mini_subset,scene-0103_011,dropout,0.900000000,32,31108,0.088305259,115,132,0.651285194
nuscenes_mini_subset,scene-0103_011,dropout,0.700000000,32,24191,0.089082717,84,132,0.507594897
nuscenes_mini_subset,scene-0103_011,dropout,0.500000000,32,17254,0.090413817,64,132,0.405960910
nuscenes_mini_subset,scene-0103_011,dropout,0.300000000,32,10290,0.091156463,38,132,0.239781297
nuscenes_mini_subset,scene-0103_011,noise,0.000000000,32,34590,0.087019370,132,132,0.737019231
nuscenes_mini_subset,scene-0103_011,noise,0.020000000,32,34590,0.086874819,132,132,0.717788462
nuscenes_mini_subset,scene-0103_011,noise,0.050000000,32,34590,0.086932639,132,132,0.717788462
nuscenes_mini_subset,scene-0103_011,noise,0.100000000,32,34590,0.087077190,132,132,0.687446581
nuscenes_mini_subset,scene-0103_011,noise,0.200000000,32,34590,0.088493784,132,132,0.670779915
nuscenes_mini_subset,scene-0103_012,dropout,1.000000000,33,34648,0.086296467,125,125,1.000000000
nuscenes_mini_subset,scene-0103_012,dropout,0.900000000,33,31213,0.086822798,113,125,0.909899483
nuscenes_mini_subset,scene-0103_012,dropout,0.700000000,33,24264,0.086960106,91,125,0.788898754
nuscenes_mini_subset,scene-0103_012,dropout,0.500000000,33,17310,0.087868284,60,125,0.458448278
nuscenes_mini_subset,scene-0103_012,dropout,0.300000000,33,10408,0.086760184,36,125,0.258087062
nuscenes_mini_subset,scene-0103_012,noise,0.000000000,33,34648,0.086296467,125,125,1.000000000
nuscenes_mini_subset,scene-0103_012,noise,0.020000000,33,34648,0.086209882,125,125,1.000000000
nuscenes_mini_subset,scene-0103_012,noise,0.050000000,33,34648,0.086440776,125,125,1.000000000
nuscenes_mini_subset,scene-0103_012,noise,0.100000000,33,34648,0.086585084,125,125,0.916666667
nuscenes_mini_subset,scene-0103_012,noise,0.200000000,33,34648,0.087768414,125,125,0.889634926
nuscenes_mini_subset,scene-0103_013,dropout,1.000000000,34,34670,0.086991635,182,182,1.000000000
nuscenes_mini_subset,scene-0103_013,dropout,0.900000000,34,31222,0.086573570,171,182,0.914578882
nuscenes_mini_subset,scene-0103_013,dropout,0.700000000,34,24339,0.087144090,135,182,0.738693161
nuscenes_mini_subset,scene-0103_013,dropout,0.500000000,34,17433,0.087305685,96,182,0.464863738
nuscenes_mini_subset,scene-0103_013,dropout,0.300000000,34,10422,0.089618116,52,182,0.249719761
nuscenes_mini_subset,scene-0103_013,noise,0.000000000,34,34670,0.086991635,182,182,1.000000000
nuscenes_mini_subset,scene-0103_013,noise,0.020000000,34,34670,0.086933949,182,182,1.000000000
nuscenes_mini_subset,scene-0103_013,noise,0.050000000,34,34670,0.087164696,182,182,1.000000000
nuscenes_mini_subset,scene-0103_013,noise,0.100000000,34,34670,0.088058840,182,182,1.000000000
nuscenes_mini_subset,scene-0103_013,noise,0.200000000,34,34670,0.089529853,182,182,0.986627631
nuscenes_mini_subset,scene-0103_014,dropout,1.000000000,35,34698,0.086517955,292,292,1.000000000
nuscenes_mini_subset,scene-0103_014,dropout,0.900000000,35,31247,0.086152271,265,292,0.932897827
nuscenes_mini_subset,scene-0103_014,dropout,0.700000000,35,24365,0.087215268,206,292,0.758250147
nuscenes_mini_subset,scene-0103_014,dropout,0.500000000,35,17361,0.088186164,149,292,0.529741632
nuscenes_mini_subset,scene-0103_014,dropout,0.300000000,35,10375,0.087710843,90,292,0.362830299
nuscenes_mini_subset,scene-0103_014,noise,0.000000000,35,34698,0.086517955,292,292,1.000000000
nuscenes_mini_subset,scene-0103_014,noise,0.020000000,35,34698,0.086287394,292,292,1.000000000
nuscenes_mini_subset,scene-0103_014,noise,0.050000000,35,34698,0.086258574,292,292,1.000000000
nuscenes_mini_subset,scene-0103_014,noise,0.100000000,35,34698,0.086402675,292,292,0.955769231
nuscenes_mini_subset,scene-0103_014,noise,0.200000000,35,34698,0.087613119,292,292,0.930798591
nuscenes_mini_subset,scene-0103_015,dropout,1.000000000,36,34672,0.084275496,396,396,0.872306653
nuscenes_mini_subset,scene-0103_015,dropout,0.900000000,36,31241,0.084536346,366,396,0.806811243
nuscenes_mini_subset,scene-0103_015,dropout,0.700000000,36,24358,0.084489695,288,396,0.656499863
nuscenes_mini_subset,scene-0103_015,dropout,0.500000000,36,17550,0.082678063,215,396,0.438365681
nuscenes_mini_subset,scene-0103_015,dropout,0.300000000,36,10577,0.082159402,124,396,0.262396545
nuscenes_mini_subset,scene-0103_015,noise,0.000000000,36,34672,0.084275496,396,396,0.872306653
nuscenes_mini_subset,scene-0103_015,noise,0.020000000,36,34672,0.084419705,396,396,0.900118203
nuscenes_mini_subset,scene-0103_015,noise,0.050000000,36,34672,0.084333180,396,396,0.900118203
nuscenes_mini_subset,scene-0103_015,noise,0.100000000,36,34672,0.084246654,396,396,0.867907801
nuscenes_mini_subset,scene-0103_015,noise,0.200000000,36,34672,0.085861790,396,396,0.798888750
nuscenes_mini_subset,scene-0103_016,dropout,1.000000000,37,34711,0.084814612,409,409,0.831687243
nuscenes_mini_subset,scene-0103_016,dropout,0.900000000,37,31397,0.084657770,370,409,0.736519050
nuscenes_mini_subset,scene-0103_016,dropout,0.700000000,37,24371,0.084978048,301,409,0.613671732
nuscenes_mini_subset,scene-0103_016,dropout,0.500000000,37,17417,0.085204111,224,409,0.453205125
nuscenes_mini_subset,scene-0103_016,dropout,0.300000000,37,10431,0.083405234,132,409,0.240418408
nuscenes_mini_subset,scene-0103_016,noise,0.000000000,37,34711,0.084814612,409,409,0.831687243
nuscenes_mini_subset,scene-0103_016,noise,0.020000000,37,34711,0.084814612,409,409,0.883333333
nuscenes_mini_subset,scene-0103_016,noise,0.050000000,37,34711,0.084728184,409,409,0.881140425
nuscenes_mini_subset,scene-0103_016,noise,0.100000000,37,34711,0.085102705,409,409,0.855593607
nuscenes_mini_subset,scene-0103_016,noise,0.200000000,37,34711,0.086744836,409,409,0.854499972
nuscenes_mini_subset,scene-0103_017,dropout,1.000000000,38,34713,0.084521649,443,443,0.916965352
nuscenes_mini_subset,scene-0103_017,dropout,0.900000000,38,31167,0.084384124,396,443,0.850916146
nuscenes_mini_subset,scene-0103_017,dropout,0.700000000,38,24287,0.083707333,297,443,0.639311807
nuscenes_mini_subset,scene-0103_017,dropout,0.500000000,38,17241,0.084043849,204,443,0.491508161
nuscenes_mini_subset,scene-0103_017,dropout,0.300000000,38,10412,0.086342682,112,443,0.218131372
nuscenes_mini_subset,scene-0103_017,noise,0.000000000,38,34713,0.084521649,443,443,0.916965352
nuscenes_mini_subset,scene-0103_017,noise,0.020000000,38,34713,0.084435226,443,443,0.917562724
nuscenes_mini_subset,scene-0103_017,noise,0.050000000,38,34713,0.084204765,443,443,0.916965352
nuscenes_mini_subset,scene-0103_017,noise,0.100000000,38,34713,0.084694495,443,443,0.916965352
nuscenes_mini_subset,scene-0103_017,noise,0.200000000,38,34713,0.085645147,443,443,0.886934656
nuscenes_mini_subset,scene-0103_018,dropout,1.000000000,39,34775,0.084255931,616,616,0.888503086
nuscenes_mini_subset,scene-0103_018,dropout,0.900000000,39,31275,0.084092726,554,616,0.808434741
nuscenes_mini_subset,scene-0103_018,dropout,0.700000000,39,24346,0.084942085,440,616,0.633321747
nuscenes_mini_subset,scene-0103_018,dropout,0.500000000,39,17471,0.085341423,322,616,0.530985552
nuscenes_mini_subset,scene-0103_018,dropout,0.300000000,39,10403,0.083437470,194,616,0.354312951
nuscenes_mini_subset,scene-0103_018,noise,0.000000000,39,34775,0.084255931,616,616,0.888503086
nuscenes_mini_subset,scene-0103_018,noise,0.020000000,39,34775,0.084198418,616,616,0.888117284
nuscenes_mini_subset,scene-0103_018,noise,0.050000000,39,34775,0.084112150,616,616,0.888503086
nuscenes_mini_subset,scene-0103_018,noise,0.100000000,39,34775,0.084198418,616,616,0.885235113
nuscenes_mini_subset,scene-0103_018,noise,0.200000000,39,34775,0.085319914,616,616,0.844007742
nuscenes_mini_subset,scene-0103_019,dropout,1.000000000,40,34758,0.084786236,697,697,0.878612717
nuscenes_mini_subset,scene-0103_019,dropout,0.900000000,40,31217,0.083896595,630,697,0.832972723
nuscenes_mini_subset,scene-0103_019,dropout,0.700000000,40,24201,0.082889137,491,697,0.636757293
nuscenes_mini_subset,scene-0103_019,dropout,0.500000000,40,17272,0.081750811,363,697,0.469202531
nuscenes_mini_subset,scene-0103_019,dropout,0.300000000,40,10443,0.084650005,234,697,0.320240812
nuscenes_mini_subset,scene-0103_019,noise,0.000000000,40,34758,0.084786236,697,697,0.878612717
nuscenes_mini_subset,scene-0103_019,noise,0.020000000,40,34758,0.084728696,697,697,0.879163226
nuscenes_mini_subset,scene-0103_019,noise,0.050000000,40,34758,0.085045169,697,697,0.864391229
nuscenes_mini_subset,scene-0103_019,noise,0.100000000,40,34758,0.085361643,697,697,0.864115974
nuscenes_mini_subset,scene-0103_019,noise,0.200000000,40,34758,0.086167213,697,697,0.838011796
nuscenes_mini_subset,scene-0103_020,dropout,1.000000000,41,34695,0.085804871,837,837,0.846949067
nuscenes_mini_subset,scene-0103_020,dropout,0.900000000,41,31268,0.086350262,759,837,0.738410064
nuscenes_mini_subset,scene-0103_020,dropout,0.700000000,41,24380,0.087038556,603,837,0.562870552
nuscenes_mini_subset,scene-0103_020,dropout,0.500000000,41,17273,0.084872344,422,837,0.366046938
nuscenes_mini_subset,scene-0103_020,dropout,0.300000000,41,10371,0.082537846,254,837,0.205497835
nuscenes_mini_subset,scene-0103_020,noise,0.000000000,41,34695,0.085804871,837,837,0.846949067
nuscenes_mini_subset,scene-0103_020,noise,0.020000000,41,34695,0.085891339,837,837,0.846696924
nuscenes_mini_subset,scene-0103_020,noise,0.050000000,41,34695,0.085718403,837,837,0.846192637
nuscenes_mini_subset,scene-0103_020,noise,0.100000000,41,34695,0.086006629,837,837,0.840004623
nuscenes_mini_subset,scene-0103_020,noise,0.200000000,41,34695,0.087246001,837,837,0.813658005
nuscenes_mini_subset,scene-0103_021,dropout,1.000000000,42,34645,0.086130755,1097,1097,0.810170954
nuscenes_mini_subset,scene-0103_021,dropout,0.900000000,42,31220,0.086258808,993,1097,0.749131993
nuscenes_mini_subset,scene-0103_021,dropout,0.700000000,42,24203,0.086518200,768,1097,0.584282514
nuscenes_mini_subset,scene-0103_021,dropout,0.500000000,42,17243,0.085425970,553,1097,0.405332849
nuscenes_mini_subset,scene-0103_021,dropout,0.300000000,42,10417,0.087357205,325,1097,0.233409534
nuscenes_mini_subset,scene-0103_021,noise,0.000000000,42,34645,0.086130755,1097,1097,0.810170954
nuscenes_mini_subset,scene-0103_021,noise,0.020000000,42,34645,0.086361668,1097,1097,0.810332740
nuscenes_mini_subset,scene-0103_021,noise,0.050000000,42,34645,0.086332804,1097,1097,0.810009168
nuscenes_mini_subset,scene-0103_021,noise,0.100000000,42,34645,0.086736903,1097,1097,0.791709740
nuscenes_mini_subset,scene-0103_021,noise,0.200000000,42,34645,0.087429644,1097,1097,0.782693928
nuscenes_mini_subset,scene-0103_022,dropout,1.000000000,43,34631,0.084750657,209,209,0.815456238
nuscenes_mini_subset,scene-0103_022,dropout,0.900000000,43,31114,0.085620621,186,209,0.734849694
nuscenes_mini_subset,scene-0103_022,dropout,0.700000000,43,24375,0.084102564,151,209,0.573125831
nuscenes_mini_subset,scene-0103_022,dropout,0.500000000,43,17262,0.083246437,105,209,0.318946528
nuscenes_mini_subset,scene-0103_022,dropout,0.300000000,43,10402,0.081426649,65,209,0.157478053
nuscenes_mini_subset,scene-0103_022,noise,0.000000000,43,34631,0.084750657,209,209,0.815456238
nuscenes_mini_subset,scene-0103_022,noise,0.020000000,43,34631,0.084837285,209,209,0.815456238
nuscenes_mini_subset,scene-0103_022,noise,0.050000000,43,34631,0.084635153,209,209,0.815456238
nuscenes_mini_subset,scene-0103_022,noise,0.100000000,43,34631,0.085010540,209,209,0.813221601
nuscenes_mini_subset,scene-0103_022,noise,0.200000000,43,34631,0.086425457,209,209,0.813221601
nuscenes_mini_subset,scene-0103_023,dropout,1.000000000,44,34608,0.086193944,331,331,0.827371809
nuscenes_mini_subset,scene-0103_023,dropout,0.900000000,44,31143,0.086632630,283,331,0.718484383
nuscenes_mini_subset,scene-0103_023,dropout,0.700000000,44,24229,0.086507904,220,331,0.539506986
nuscenes_mini_subset,scene-0103_023,dropout,0.500000000,44,17382,0.085720861,157,331,0.472606247
nuscenes_mini_subset,scene-0103_023,dropout,0.300000000,44,10431,0.085897805,89,331,0.237166264
nuscenes_mini_subset,scene-0103_023,noise,0.000000000,44,34608,0.086193944,331,331,0.827371809
nuscenes_mini_subset,scene-0103_023,noise,0.020000000,44,34608,0.085991678,331,331,0.826347743
nuscenes_mini_subset,scene-0103_023,noise,0.050000000,44,34608,0.086078363,331,331,0.826859776
nuscenes_mini_subset,scene-0103_023,noise,0.100000000,44,34608,0.086193944,331,331,0.825323678
nuscenes_mini_subset,scene-0103_023,noise,0.200000000,44,34608,0.087927647,331,331,0.783475971
nuscenes_mini_subset,scene-0103_024,dropout,1.000000000,45,34536,0.085186472,459,459,0.824451955
nuscenes_mini_subset,scene-0103_024,dropout,0.900000000,45,31064,0.085404327,418,459,0.761532802
nuscenes_mini_subset,scene-0103_024,dropout,0.700000000,45,24038,0.085156835,316,459,0.603187797
nuscenes_mini_subset,scene-0103_024,dropout,0.500000000,45,17157,0.083581046,228,459,0.428253258
nuscenes_mini_subset,scene-0103_024,dropout,0.300000000,45,10319,0.082372323,136,459,0.207209840
nuscenes_mini_subset,scene-0103_024,noise,0.000000000,45,34536,0.085186472,459,459,0.824451955
nuscenes_mini_subset,scene-0103_024,noise,0.020000000,45,34536,0.085186472,459,459,0.824451955
nuscenes_mini_subset,scene-0103_024,noise,0.050000000,45,34536,0.085099606,459,459,0.824132262
nuscenes_mini_subset,scene-0103_024,noise,0.100000000,45,34536,0.085620801,459,459,0.803938314
nuscenes_mini_subset,scene-0103_024,noise,0.200000000,45,34536,0.087416030,459,459,0.770649129
nuscenes_mini_subset,scene-0103_025,dropout,1.000000000,46,34511,0.084784561,709,709,0.591169208
nuscenes_mini_subset,scene-0103_025,dropout,0.900000000,46,31090,0.085879704,640,709,0.510175056
nuscenes_mini_subset,scene-0103_025,dropout,0.700000000,46,24177,0.086900773,488,709,0.365750232
nuscenes_mini_subset,scene-0103_025,dropout,0.500000000,46,17210,0.087797792,342,709,0.291481226
nuscenes_mini_subset,scene-0103_025,dropout,0.300000000,46,10392,0.086797537,201,709,0.164873039
nuscenes_mini_subset,scene-0103_025,noise,0.000000000,46,34511,0.084784561,709,709,0.591169208
nuscenes_mini_subset,scene-0103_025,noise,0.020000000,46,34511,0.084610704,709,709,0.591441985
nuscenes_mini_subset,scene-0103_025,noise,0.050000000,46,34511,0.084668656,709,709,0.591714762
nuscenes_mini_subset,scene-0103_025,noise,0.100000000,46,34511,0.084900467,709,709,0.582942832
nuscenes_mini_subset,scene-0103_025,noise,0.200000000,46,34511,0.085595897,709,709,0.554482155
nuscenes_mini_subset,scene-0103_026,dropout,1.000000000,47,34538,0.083067925,86,86,0.956097561
nuscenes_mini_subset,scene-0103_026,dropout,0.900000000,47,31077,0.082665637,77,86,0.890162602
nuscenes_mini_subset,scene-0103_026,dropout,0.700000000,47,24100,0.081659751,57,86,0.674471545
nuscenes_mini_subset,scene-0103_026,dropout,0.500000000,47,17164,0.079701701,44,86,0.533414634
nuscenes_mini_subset,scene-0103_026,dropout,0.300000000,47,10230,0.080351906,22,86,0.285934959
nuscenes_mini_subset,scene-0103_026,noise,0.000000000,47,34538,0.083067925,86,86,0.956097561
nuscenes_mini_subset,scene-0103_026,noise,0.020000000,47,34538,0.083212693,86,86,0.951219512
nuscenes_mini_subset,scene-0103_026,noise,0.050000000,47,34538,0.083386415,86,86,0.951219512
nuscenes_mini_subset,scene-0103_026,noise,0.100000000,47,34538,0.083618044,86,86,0.946097561
nuscenes_mini_subset,scene-0103_026,noise,0.200000000,47,34538,0.085297354,86,86,0.931219512
nuscenes_mini_subset,scene-0103_027,dropout,1.000000000,48,34575,0.081764281,115,115,0.814393939
nuscenes_mini_subset,scene-0103_027,dropout,0.900000000,48,31120,0.081780206,103,115,0.703797847
nuscenes_mini_subset,scene-0103_027,dropout,0.700000000,48,24211,0.081739705,86,115,0.579395933
nuscenes_mini_subset,scene-0103_027,dropout,0.500000000,48,17162,0.081342501,58,115,0.428279506
nuscenes_mini_subset,scene-0103_027,dropout,0.300000000,48,10330,0.078702807,35,115,0.265600080
nuscenes_mini_subset,scene-0103_027,noise,0.000000000,48,34575,0.081764281,115,115,0.814393939
nuscenes_mini_subset,scene-0103_027,noise,0.020000000,48,34575,0.081764281,115,115,0.814393939
nuscenes_mini_subset,scene-0103_027,noise,0.050000000,48,34575,0.081735358,115,115,0.759569378
nuscenes_mini_subset,scene-0103_027,noise,0.100000000,48,34575,0.082227043,115,115,0.717902711
nuscenes_mini_subset,scene-0103_027,noise,0.200000000,48,34575,0.084049168,115,115,0.708532695
nuscenes_mini_subset,scene-0103_028,dropout,1.000000000,49,34540,0.080196873,221,221,0.836829837
nuscenes_mini_subset,scene-0103_028,dropout,0.900000000,49,31052,0.080638928,206,221,0.799792800
nuscenes_mini_subset,scene-0103_028,dropout,0.700000000,49,24141,0.079159935,159,221,0.655919631
nuscenes_mini_subset,scene-0103_028,dropout,0.500000000,49,17322,0.075972751,111,221,0.464895169
nuscenes_mini_subset,scene-0103_028,dropout,0.300000000,49,10492,0.074247045,72,221,0.370312752
nuscenes_mini_subset,scene-0103_028,noise,0.000000000,49,34540,0.080196873,221,221,0.836829837
nuscenes_mini_subset,scene-0103_028,noise,0.020000000,49,34540,0.080196873,221,221,0.836829837
nuscenes_mini_subset,scene-0103_028,noise,0.050000000,49,34540,0.080341633,221,221,0.837995338
nuscenes_mini_subset,scene-0103_028,noise,0.100000000,49,34540,0.080602200,221,221,0.837995338
nuscenes_mini_subset,scene-0103_028,noise,0.200000000,49,34540,0.081847134,221,221,0.742209026
nuscenes_mini_subset,scene-0103_029,dropout,1.000000000,50,34558,0.080097228,97,97,0.833333333
nuscenes_mini_subset,scene-0103_029,dropout,0.900000000,50,31176,0.079997434,84,97,0.734817215
nuscenes_mini_subset,scene-0103_029,dropout,0.700000000,50,24214,0.079705955,59,97,0.553024618
nuscenes_mini_subset,scene-0103_029,dropout,0.500000000,50,17174,0.081169209,38,97,0.320751606
nuscenes_mini_subset,scene-0103_029,dropout,0.300000000,50,10271,0.080128517,23,97,0.173750640
nuscenes_mini_subset,scene-0103_029,noise,0.000000000,50,34558,0.080097228,97,97,0.833333333
nuscenes_mini_subset,scene-0103_029,noise,0.020000000,50,34558,0.080039354,97,97,0.833333333
nuscenes_mini_subset,scene-0103_029,noise,0.050000000,50,34558,0.079981480,97,97,0.833333333
nuscenes_mini_subset,scene-0103_029,noise,0.100000000,50,34558,0.080212975,97,97,0.829268293
nuscenes_mini_subset,scene-0103_029,noise,0.200000000,50,34558,0.082093871,97,97,0.761566888
nuscenes_mini_subset,scene-0103_030,dropout,1.000000000,51,34462,0.080639545,172,172,1.000000000
nuscenes_mini_subset,scene-0103_030,dropout,0.900000000,51,30955,0.080988532,152,172,0.899559549
nuscenes_mini_subset,scene-0103_030,dropout,0.700000000,51,24233,0.080716378,120,172,0.736316655
nuscenes_mini_subset,scene-0103_030,dropout,0.500000000,51,17286,0.080874696,88,172,0.479438907
nuscenes_mini_subset,scene-0103_030,dropout,0.300000000,51,10384,0.079545455,58,172,0.339757207
nuscenes_mini_subset,scene-0103_030,noise,0.000000000,51,34462,0.080639545,172,172,1.000000000
nuscenes_mini_subset,scene-0103_030,noise,0.020000000,51,34462,0.080378388,172,172,1.000000000
nuscenes_mini_subset,scene-0103_030,noise,0.050000000,51,34462,0.080175266,172,172,1.000000000
nuscenes_mini_subset,scene-0103_030,noise,0.100000000,51,34462,0.080639545,172,172,0.988888889
nuscenes_mini_subset,scene-0103_030,noise,0.200000000,51,34462,0.081481052,172,172,0.955808081
nuscenes_mini_subset,scene-0103_031,dropout,1.000000000,52,34436,0.080526194,302,302,0.924305556
nuscenes_mini_subset,scene-0103_031,dropout,0.900000000,52,31027,0.080478293,278,302,0.850206102
nuscenes_mini_subset,scene-0103_031,dropout,0.700000000,52,24091,0.081150637,218,302,0.649691954
nuscenes_mini_subset,scene-0103_031,dropout,0.500000000,52,17187,0.081864200,151,302,0.470041325
nuscenes_mini_subset,scene-0103_031,dropout,0.300000000,52,10316,0.081717720,87,302,0.225217672
nuscenes_mini_subset,scene-0103_031,noise,0.000000000,52,34436,0.080526194,302,302,0.924305556
nuscenes_mini_subset,scene-0103_031,noise,0.020000000,52,34436,0.080439075,302,302,0.921626984
nuscenes_mini_subset,scene-0103_031,noise,0.050000000,52,34436,0.080351957,302,302,0.926785714
nuscenes_mini_subset,scene-0103_031,noise,0.100000000,52,34436,0.080468115,302,302,0.923214286
nuscenes_mini_subset,scene-0103_031,noise,0.200000000,52,34436,0.082268556,302,302,0.861356865
nuscenes_mini_subset,scene-0103_032,dropout,1.000000000,53,34456,0.080914790,542,542,0.791111111
nuscenes_mini_subset,scene-0103_032,dropout,0.900000000,53,31094,0.080594327,487,542,0.736095725
nuscenes_mini_subset,scene-0103_032,dropout,0.700000000,53,24333,0.079768216,365,542,0.502489799
nuscenes_mini_subset,scene-0103_032,dropout,0.500000000,53,17290,0.078484673,267,542,0.362802972
nuscenes_mini_subset,scene-0103_032,dropout,0.300000000,53,10251,0.079504439,160,542,0.228497935
nuscenes_mini_subset,scene-0103_032,noise,0.000000000,53,34456,0.080914790,542,542,0.791111111
nuscenes_mini_subset,scene-0103_032,noise,0.020000000,53,34456,0.081030880,542,542,0.791555556
nuscenes_mini_subset,scene-0103_032,noise,0.050000000,53,34456,0.081088925,542,542,0.792000000
nuscenes_mini_subset,scene-0103_032,noise,0.100000000,53,34456,0.081756443,542,542,0.791541102
nuscenes_mini_subset,scene-0103_032,noise,0.200000000,53,34456,0.083149524,542,542,0.781572801
nuscenes_mini_subset,scene-0103_033,dropout,1.000000000,54,34511,0.080930718,572,572,0.888688380
nuscenes_mini_subset,scene-0103_033,dropout,0.900000000,54,31116,0.082272786,531,572,0.790059221
nuscenes_mini_subset,scene-0103_033,dropout,0.700000000,54,24275,0.082883625,403,572,0.602298533
nuscenes_mini_subset,scene-0103_033,dropout,0.500000000,54,17306,0.083092569,287,572,0.441397441
nuscenes_mini_subset,scene-0103_033,dropout,0.300000000,54,10329,0.084906574,167,572,0.286290845
nuscenes_mini_subset,scene-0103_033,noise,0.000000000,54,34511,0.080930718,572,572,0.888688380
nuscenes_mini_subset,scene-0103_033,noise,0.020000000,54,34511,0.080698908,572,572,0.885123239
nuscenes_mini_subset,scene-0103_033,noise,0.050000000,54,34511,0.080496074,572,572,0.880485255
nuscenes_mini_subset,scene-0103_033,noise,0.100000000,54,34511,0.080843789,572,572,0.874805604
nuscenes_mini_subset,scene-0103_033,noise,0.200000000,54,34511,0.081800006,572,572,0.794969557
nuscenes_mini_subset,scene-0103_034,dropout,1.000000000,55,34435,0.081835342,1266,1266,0.845733200
nuscenes_mini_subset,scene-0103_034,dropout,0.900000000,55,30983,0.081560856,1140,1266,0.766779385
nuscenes_mini_subset,scene-0103_034,dropout,0.700000000,55,24037,0.081582560,895,1266,0.572537799
nuscenes_mini_subset,scene-0103_034,dropout,0.500000000,55,17170,0.082061736,658,1266,0.403255244
nuscenes_mini_subset,scene-0103_034,dropout,0.300000000,55,10260,0.084600390,409,1266,0.244700926
nuscenes_mini_subset,scene-0103_034,noise,0.000000000,55,34435,0.081835342,1266,1266,0.845733200
nuscenes_mini_subset,scene-0103_034,noise,0.020000000,55,34435,0.081632060,1266,1266,0.846642854
nuscenes_mini_subset,scene-0103_034,noise,0.050000000,55,34435,0.081457819,1266,1266,0.846046483
nuscenes_mini_subset,scene-0103_034,noise,0.100000000,55,34435,0.081980543,1266,1266,0.843231807
nuscenes_mini_subset,scene-0103_034,noise,0.200000000,55,34435,0.083606795,1266,1266,0.825647627
nuscenes_mini_subset,scene-0103_035,dropout,1.000000000,56,34552,0.080574207,1161,1161,0.763036479
nuscenes_mini_subset,scene-0103_035,dropout,0.900000000,56,31194,0.080271847,1032,1161,0.684797314
nuscenes_mini_subset,scene-0103_035,dropout,0.700000000,56,24146,0.079433447,778,1161,0.487876402
nuscenes_mini_subset,scene-0103_035,dropout,0.500000000,56,17273,0.079835582,544,1161,0.329761285
nuscenes_mini_subset,scene-0103_035,dropout,0.300000000,56,10401,0.080569176,323,1161,0.230737065
nuscenes_mini_subset,scene-0103_035,noise,0.000000000,56,34552,0.080574207,1161,1161,0.763036479
nuscenes_mini_subset,scene-0103_035,noise,0.020000000,56,34552,0.080429498,1161,1161,0.762368206
nuscenes_mini_subset,scene-0103_035,noise,0.050000000,56,34552,0.080284788,1161,1161,0.762622400
nuscenes_mini_subset,scene-0103_035,noise,0.100000000,56,34552,0.080487381,1161,1161,0.751124832
nuscenes_mini_subset,scene-0103_035,noise,0.200000000,56,34552,0.081992359,1161,1161,0.729164674
nuscenes_mini_subset,scene-0103_036,dropout,1.000000000,57,34653,0.079964217,1020,1020,0.766101695
nuscenes_mini_subset,scene-0103_036,dropout,0.900000000,57,31220,0.079724536,913,1020,0.667316635
nuscenes_mini_subset,scene-0103_036,dropout,0.700000000,57,24162,0.079173909,697,1020,0.529907791
nuscenes_mini_subset,scene-0103_036,dropout,0.500000000,57,17201,0.079762804,494,1020,0.362993071
nuscenes_mini_subset,scene-0103_036,dropout,0.300000000,57,10377,0.079695480,299,1020,0.228983337
nuscenes_mini_subset,scene-0103_036,noise,0.000000000,57,34653,0.079964217,1020,1020,0.766101695
nuscenes_mini_subset,scene-0103_036,noise,0.020000000,57,34653,0.079877644,1020,1020,0.764655454
nuscenes_mini_subset,scene-0103_036,noise,0.050000000,57,34653,0.080252792,1020,1020,0.764171193
nuscenes_mini_subset,scene-0103_036,noise,0.100000000,57,34653,0.080570225,1020,1020,0.753342659
nuscenes_mini_subset,scene-0103_036,noise,0.200000000,57,34653,0.082243962,1020,1020,0.728497195
nuscenes_mini_subset,scene-0103_037,dropout,1.000000000,58,34590,0.077912692,1213,1213,0.740039683
nuscenes_mini_subset,scene-0103_037,dropout,0.900000000,58,31138,0.078296615,1105,1213,0.672914028
nuscenes_mini_subset,scene-0103_037,dropout,0.700000000,58,24290,0.077850967,861,1213,0.533203925
nuscenes_mini_subset,scene-0103_037,dropout,0.500000000,58,17301,0.078781573,620,1213,0.413766714
nuscenes_mini_subset,scene-0103_037,dropout,0.300000000,58,10524,0.081337894,382,1213,0.249878998
nuscenes_mini_subset,scene-0103_037,noise,0.000000000,58,34590,0.077912692,1213,1213,0.740039683
nuscenes_mini_subset,scene-0103_037,noise,0.020000000,58,34590,0.077912692,1213,1213,0.740992063
nuscenes_mini_subset,scene-0103_037,noise,0.050000000,58,34590,0.077999422,1213,1213,0.742936508
nuscenes_mini_subset,scene-0103_037,noise,0.100000000,58,34590,0.078519803,1213,1213,0.734869615
nuscenes_mini_subset,scene-0103_037,noise,0.200000000,58,34590,0.079560567,1213,1213,0.695302431
nuscenes_mini_subset,scene-0103_038,dropout,1.000000000,59,34658,0.077961798,1295,1295,0.768368459
nuscenes_mini_subset,scene-0103_038,dropout,0.900000000,59,31131,0.077093572,1142,1295,0.700763224
nuscenes_mini_subset,scene-0103_038,dropout,0.700000000,59,24128,0.076135610,876,1295,0.550792898
nuscenes_mini_subset,scene-0103_038,dropout,0.500000000,59,17323,0.076834267,630,1295,0.423791113
nuscenes_mini_subset,scene-0103_038,dropout,0.300000000,59,10328,0.077265686,383,1295,0.265708846
nuscenes_mini_subset,scene-0103_038,noise,0.000000000,59,34658,0.077961798,1295,1295,0.768368459
nuscenes_mini_subset,scene-0103_038,noise,0.020000000,59,34658,0.077730971,1295,1295,0.767648145
nuscenes_mini_subset,scene-0103_038,noise,0.050000000,59,34658,0.077644411,1295,1295,0.767031495
nuscenes_mini_subset,scene-0103_038,noise,0.100000000,59,34658,0.078250332,1295,1295,0.763824020
nuscenes_mini_subset,scene-0103_038,noise,0.200000000,59,34658,0.079491027,1295,1295,0.703321097
nuscenes_mini_subset,scene-0103_039,dropout,1.000000000,60,34650,0.077027417,265,265,1.000000000
nuscenes_mini_subset,scene-0103_039,dropout,0.900000000,60,31079,0.078573957,247,265,0.939298069
nuscenes_mini_subset,scene-0103_039,dropout,0.700000000,60,24082,0.078855577,202,265,0.730524940
nuscenes_mini_subset,scene-0103_039,dropout,0.500000000,60,17212,0.081338601,141,265,0.448453339
nuscenes_mini_subset,scene-0103_039,dropout,0.300000000,60,10338,0.079415748,79,265,0.268992357
nuscenes_mini_subset,scene-0103_039,noise,0.000000000,60,34650,0.077027417,265,265,1.000000000
nuscenes_mini_subset,scene-0103_039,noise,0.020000000,60,34650,0.077027417,265,265,1.000000000
nuscenes_mini_subset,scene-0103_039,noise,0.050000000,60,34650,0.077171717,265,265,0.997500000
nuscenes_mini_subset,scene-0103_039,noise,0.100000000,60,34650,0.077575758,265,265,0.992500000
nuscenes_mini_subset,scene-0103_039,noise,0.200000000,60,34650,0.079220779,265,265,0.966460177
nuscenes_mini_subset,scene-1094_000,dropout,1.000000000,61,34311,0.103436216,594,594,0.938775510
nuscenes_mini_subset,scene-1094_000,dropout,0.900000000,61,30937,0.101238000,525,594,0.823144406
nuscenes_mini_subset,scene-1094_000,dropout,0.700000000,61,24057,0.102589683,413,594,0.657678103
nuscenes_mini_subset,scene-1094_000,dropout,0.500000000,61,17095,0.102544604,297,594,0.494846902
nuscenes_mini_subset,scene-1094_000,dropout,0.300000000,61,10187,0.099047806,156,594,0.208566546
nuscenes_mini_subset,scene-1094_000,noise,0.000000000,61,34311,0.103436216,594,594,0.938775510
nuscenes_mini_subset,scene-1094_000,noise,0.020000000,61,34311,0.103232200,594,594,0.938775510
nuscenes_mini_subset,scene-1094_000,noise,0.050000000,61,34311,0.102969893,594,594,0.928921299
nuscenes_mini_subset,scene-1094_000,noise,0.100000000,61,34311,0.103581942,594,594,0.926452925
nuscenes_mini_subset,scene-1094_000,noise,0.200000000,61,34311,0.104602023,594,594,0.888683024
nuscenes_mini_subset,scene-1094_001,dropout,1.000000000,62,34581,0.102686446,539,539,0.923076923
nuscenes_mini_subset,scene-1094_001,dropout,0.900000000,62,31081,0.102120266,488,539,0.771204721
nuscenes_mini_subset,scene-1094_001,dropout,0.700000000,62,24159,0.101949584,376,539,0.657397232
nuscenes_mini_subset,scene-1094_001,dropout,0.500000000,62,17224,0.102705527,263,539,0.509757835
nuscenes_mini_subset,scene-1094_001,dropout,0.300000000,62,10398,0.101461820,150,539,0.211579162
nuscenes_mini_subset,scene-1094_001,noise,0.000000000,62,34581,0.102686446,539,539,0.923076923
nuscenes_mini_subset,scene-1094_001,noise,0.020000000,62,34581,0.102628611,539,539,0.922680098
nuscenes_mini_subset,scene-1094_001,noise,0.050000000,62,34581,0.102686446,539,539,0.919902320
nuscenes_mini_subset,scene-1094_001,noise,0.100000000,62,34581,0.102802117,539,539,0.911507937
nuscenes_mini_subset,scene-1094_001,noise,0.200000000,62,34581,0.104537174,539,539,0.868772894
nuscenes_mini_subset,scene-1094_002,dropout,1.000000000,63,34622,0.102507076,524,524,0.939393939
nuscenes_mini_subset,scene-1094_002,dropout,0.900000000,63,31147,0.102963367,479,524,0.875478532
nuscenes_mini_subset,scene-1094_002,dropout,0.700000000,63,24226,0.104144308,389,524,0.725200339
nuscenes_mini_subset,scene-1094_002,dropout,0.500000000,63,17323,0.104369913,274,524,0.560442125
nuscenes_mini_subset,scene-1094_002,dropout,0.300000000,63,10429,0.101351999,146,524,0.354871030
nuscenes_mini_subset,scene-1094_002,noise,0.000000000,63,34622,0.102507076,524,524,0.939393939
nuscenes_mini_subset,scene-1094_002,noise,0.020000000,63,34622,0.102333776,524,524,0.939393939
nuscenes_mini_subset,scene-1094_002,noise,0.050000000,63,34622,0.102304893,524,524,0.939393939
nuscenes_mini_subset,scene-1094_002,noise,0.100000000,63,34622,0.102882560,524,524,0.875624133
nuscenes_mini_subset,scene-1094_002,noise,0.200000000,63,34622,0.104009012,524,524,0.812167104
nuscenes_mini_subset,scene-1094_003,dropout,1.000000000,64,34588,0.103504105,936,936,0.772403846
nuscenes_mini_subset,scene-1094_003,dropout,0.900000000,64,31156,0.103350879,840,936,0.680651851
nuscenes_mini_subset,scene-1094_003,dropout,0.700000000,64,24347,0.102640982,653,936,0.473132873
nuscenes_mini_subset,scene-1094_003,dropout,0.500000000,64,17350,0.104495677,451,936,0.328460137
nuscenes_mini_subset,scene-1094_003,dropout,0.300000000,64,10372,0.105283455,272,936,0.220852386
nuscenes_mini_subset,scene-1094_003,noise,0.000000000,64,34588,0.103504105,936,936,0.772403846
nuscenes_mini_subset,scene-1094_003,noise,0.020000000,64,34588,0.103330635,936,936,0.771923077
nuscenes_mini_subset,scene-1094_003,noise,0.050000000,64,34588,0.103272811,936,936,0.771923077
nuscenes_mini_subset,scene-1094_003,noise,0.100000000,64,34588,0.104284723,936,936,0.727965836
nuscenes_mini_subset,scene-1094_003,noise,0.200000000,64,34588,0.106019429,936,936,0.648262393
nuscenes_mini_subset,scene-1094_004,dropout,1.000000000,65,34617,0.103995147,774,774,0.837729816
nuscenes_mini_subset,scene-1094_004,dropout,0.900000000,65,31049,0.104254565,706,774,0.798593152
nuscenes_mini_subset,scene-1094_004,dropout,0.700000000,65,24146,0.104075209,527,774,0.585769933
nuscenes_mini_subset,scene-1094_004,dropout,0.500000000,65,17216,0.106412639,387,774,0.406892414
nuscenes_mini_subset,scene-1094_004,dropout,0.300000000,65,10407,0.104641107,222,774,0.218764868
nuscenes_mini_subset,scene-1094_004,noise,0.000000000,65,34617,0.103995147,774,774,0.837729816
nuscenes_mini_subset,scene-1094_004,noise,0.020000000,65,34617,0.103706271,774,774,0.837330136
nuscenes_mini_subset,scene-1094_004,noise,0.050000000,65,34617,0.103590721,774,774,0.836530775
nuscenes_mini_subset,scene-1094_004,noise,0.100000000,65,34617,0.103908484,774,774,0.836724626
nuscenes_mini_subset,scene-1094_004,noise,0.200000000,65,34617,0.104572898,774,774,0.754308597
nuscenes_mini_subset,scene-1094_005,dropout,1.000000000,66,34661,0.102362886,707,707,0.777777778
nuscenes_mini_subset,scene-1094_005,dropout,0.900000000,66,31191,0.101984547,621,707,0.641948281
nuscenes_mini_subset,scene-1094_005,dropout,0.700000000,66,24179,0.101906613,503,707,0.538729495
nuscenes_mini_subset,scene-1094_005,dropout,0.500000000,66,17183,0.101553861,371,707,0.451376442
nuscenes_mini_subset,scene-1094_005,dropout,0.300000000,66,10302,0.104057465,225,707,0.269378613
nuscenes_mini_subset,scene-1094_005,noise,0.000000000,66,34661,0.102362886,707,707,0.777777778
nuscenes_mini_subset,scene-1094_005,noise,0.020000000,66,34661,0.102305185,707,707,0.777777778
nuscenes_mini_subset,scene-1094_005,noise,0.050000000,66,34661,0.102074378,707,707,0.761168292
nuscenes_mini_subset,scene-1094_005,noise,0.100000000,66,34661,0.101872421,707,707,0.752295039
nuscenes_mini_subset,scene-1094_005,noise,0.200000000,66,34661,0.103199561,707,707,0.709945302
nuscenes_mini_subset,scene-1094_006,dropout,1.000000000,67,34623,0.104034890,572,572,0.888888889
nuscenes_mini_subset,scene-1094_006,dropout,0.900000000,67,31080,0.104536680,505,572,0.806123281
nuscenes_mini_subset,scene-1094_006,dropout,0.700000000,67,24274,0.103279229,402,572,0.607712872
nuscenes_mini_subset,scene-1094_006,dropout,0.500000000,67,17370,0.102590674,287,572,0.393561113
nuscenes_mini_subset,scene-1094_006,dropout,0.300000000,67,10414,0.102170156,180,572,0.289582699
nuscenes_mini_subset,scene-1094_006,noise,0.000000000,67,34623,0.104034890,572,572,0.888888889
nuscenes_mini_subset,scene-1094_006,noise,0.020000000,67,34623,0.104006008,572,572,0.888888889
nuscenes_mini_subset,scene-1094_006,noise,0.050000000,67,34623,0.104381481,572,572,0.888621151
nuscenes_mini_subset,scene-1094_006,noise,0.100000000,67,34623,0.104814719,572,572,0.878520141
nuscenes_mini_subset,scene-1094_006,noise,0.200000000,67,34623,0.106489906,572,572,0.823995781
nuscenes_mini_subset,scene-1094_007,dropout,1.000000000,68,34642,0.106171699,632,632,0.859829060
nuscenes_mini_subset,scene-1094_007,dropout,0.900000000,68,31135,0.106375462,564,632,0.761133371
nuscenes_mini_subset,scene-1094_007,dropout,0.700000000,68,24328,0.106996054,432,632,0.632532700
nuscenes_mini_subset,scene-1094_007,dropout,0.500000000,68,17381,0.106438065,309,632,0.402515843
nuscenes_mini_subset,scene-1094_007,dropout,0.300000000,68,10467,0.104996656,189,632,0.282554841
nuscenes_mini_subset,scene-1094_007,noise,0.000000000,68,34642,0.106171699,632,632,0.859829060
nuscenes_mini_subset,scene-1094_007,noise,0.020000000,68,34642,0.106027366,632,632,0.863247863
nuscenes_mini_subset,scene-1094_007,noise,0.050000000,68,34642,0.105969632,632,632,0.824286824
nuscenes_mini_subset,scene-1094_007,noise,0.100000000,68,34642,0.106316033,632,632,0.822603323
nuscenes_mini_subset,scene-1094_007,noise,0.200000000,68,34642,0.107557300,632,632,0.809587943
nuscenes_mini_subset,scene-1094_008,dropout,1.000000000,69,34655,0.105208484,674,674,0.928819444
nuscenes_mini_subset,scene-1094_008,dropout,0.900000000,69,31238,0.104936296,612,674,0.844482950
nuscenes_mini_subset,scene-1094_008,dropout,0.700000000,69,24199,0.106285384,479,674,0.711570274
nuscenes_mini_subset,scene-1094_008,dropout,0.500000000,69,17263,0.106528413,352,674,0.600522432
nuscenes_mini_subset,scene-1094_008,dropout,0.300000000,69,10344,0.106148492,204,674,0.396403319
nuscenes_mini_subset,scene-1094_008,noise,0.000000000,69,34655,0.105208484,674,674,0.928819444
nuscenes_mini_subset,scene-1094_008,noise,0.020000000,69,34655,0.104919925,674,674,0.928819444
nuscenes_mini_subset,scene-1094_008,noise,0.050000000,69,34655,0.104775646,674,674,0.922569444
nuscenes_mini_subset,scene-1094_008,noise,0.100000000,69,34655,0.104948781,674,674,0.898355567
nuscenes_mini_subset,scene-1094_008,noise,0.200000000,69,34655,0.106968691,674,674,0.868935522
nuscenes_mini_subset,scene-1094_009,dropout,1.000000000,70,34605,0.104609161,646,646,0.863424947
nuscenes_mini_subset,scene-1094_009,dropout,0.900000000,70,31105,0.105095644,582,646,0.777081897
nuscenes_mini_subset,scene-1094_009,dropout,0.700000000,70,24345,0.103553091,455,646,0.606968380
nuscenes_mini_subset,scene-1094_009,dropout,0.500000000,70,17386,0.102036121,324,646,0.363229961
nuscenes_mini_subset,scene-1094_009,dropout,0.300000000,70,10408,0.102997694,187,646,0.195393495
nuscenes_mini_subset,scene-1094_009,noise,0.000000000,70,34605,0.104609161,646,646,0.863424947
nuscenes_mini_subset,scene-1094_009,noise,0.020000000,70,34605,0.104522468,646,646,0.863213531
nuscenes_mini_subset,scene-1094_009,noise,0.050000000,70,34605,0.104406878,646,646,0.863847780
nuscenes_mini_subset,scene-1094_009,noise,0.100000000,70,34605,0.105013726,646,646,0.859790210
nuscenes_mini_subset,scene-1094_009,noise,0.200000000,70,34605,0.105938448,646,646,0.791271648
nuscenes_mini_subset,scene-1094_010,dropout,1.000000000,71,34566,0.103917144,676,676,0.856726212
nuscenes_mini_subset,scene-1094_010,dropout,0.900000000,71,31127,0.104218203,605,676,0.729135879
nuscenes_mini_subset,scene-1094_010,dropout,0.700000000,71,24277,0.104255056,465,676,0.583264301
nuscenes_mini_subset,scene-1094_010,dropout,0.500000000,71,17368,0.102084293,318,676,0.414431195
nuscenes_mini_subset,scene-1094_010,dropout,0.300000000,71,10398,0.103769956,181,676,0.256156477
nuscenes_mini_subset,scene-1094_010,noise,0.000000000,71,34566,0.103917144,676,676,0.856726212
nuscenes_mini_subset,scene-1094_010,noise,0.020000000,71,34566,0.103917144,676,676,0.856726212
nuscenes_mini_subset,scene-1094_010,noise,0.050000000,71,34566,0.103598912,676,676,0.854200960
nuscenes_mini_subset,scene-1094_010,noise,0.100000000,71,34566,0.103685703,676,676,0.854200960
nuscenes_mini_subset,scene-1094_010,noise,0.200000000,71,34566,0.104929700,676,676,0.772463051
nuscenes_mini_subset,scene-1094_011,dropout,1.000000000,72,34575,0.102848879,646,646,0.890444515
nuscenes_mini_subset,scene-1094_011,dropout,0.900000000,72,31066,0.101686731,575,646,0.795368831
nuscenes_mini_subset,scene-1094_011,dropout,0.700000000,72,24208,0.100627892,472,646,0.590466947
nuscenes_mini_subset,scene-1094_011,dropout,0.500000000,72,17295,0.101532235,348,646,0.427858962
nuscenes_mini_subset,scene-1094_011,dropout,0.300000000,72,10380,0.098362235,219,646,0.285394326
nuscenes_mini_subset,scene-1094_011,noise,0.000000000,72,34575,0.102848879,646,646,0.890444515
nuscenes_mini_subset,scene-1094_011,noise,0.020000000,72,34575,0.102617498,646,646,0.890094007
nuscenes_mini_subset,scene-1094_011,noise,0.050000000,72,34575,0.102501808,646,646,0.890094007
nuscenes_mini_subset,scene-1094_011,noise,0.100000000,72,34575,0.103253796,646,646,0.866131724
nuscenes_mini_subset,scene-1094_011,noise,0.200000000,72,34575,0.104295011,646,646,0.810054040
nuscenes_mini_subset,scene-1094_012,dropout,1.000000000,73,34631,0.097398285,647,647,0.908403361
nuscenes_mini_subset,scene-1094_012,dropout,0.900000000,73,31229,0.097281373,586,647,0.800042204
nuscenes_mini_subset,scene-1094_012,dropout,0.700000000,73,24403,0.098061714,461,647,0.673456438
nuscenes_mini_subset,scene-1094_012,dropout,0.500000000,73,17443,0.096829674,309,647,0.486364884
nuscenes_mini_subset,scene-1094_012,dropout,0.300000000,73,10559,0.095368880,195,647,0.316389726
nuscenes_mini_subset,scene-1094_012,noise,0.000000000,73,34631,0.097398285,647,647,0.908403361
nuscenes_mini_subset,scene-1094_012,noise,0.020000000,73,34631,0.097282781,647,647,0.908823529
nuscenes_mini_subset,scene-1094_012,noise,0.050000000,73,34631,0.097080650,647,647,0.907563025
nuscenes_mini_subset,scene-1094_012,noise,0.100000000,73,34631,0.097369409,647,647,0.899715370
nuscenes_mini_subset,scene-1094_012,noise,0.200000000,73,34631,0.098582195,647,647,0.837712394
nuscenes_mini_subset,scene-1094_013,dropout,1.000000000,74,34636,0.090743735,544,544,0.871868289
nuscenes_mini_subset,scene-1094_013,dropout,0.900000000,74,31180,0.090699166,483,544,0.769160673
nuscenes_mini_subset,scene-1094_013,dropout,0.700000000,74,24310,0.090415467,368,544,0.558195566
nuscenes_mini_subset,scene-1094_013,dropout,0.500000000,74,17297,0.091750014,262,544,0.374611412
nuscenes_mini_subset,scene-1094_013,dropout,0.300000000,74,10376,0.091268311,167,544,0.240112031
nuscenes_mini_subset,scene-1094_013,noise,0.000000000,74,34636,0.090743735,544,544,0.871868289
nuscenes_mini_subset,scene-1094_013,noise,0.020000000,74,34636,0.090397275,544,544,0.872584109
nuscenes_mini_subset,scene-1094_013,noise,0.050000000,74,34636,0.090252916,544,544,0.872584109
nuscenes_mini_subset,scene-1094_013,noise,0.100000000,74,34636,0.090281788,544,544,0.880953517
nuscenes_mini_subset,scene-1094_013,noise,0.200000000,74,34636,0.091350040,544,544,0.867917079
nuscenes_mini_subset,scene-1094_014,dropout,1.000000000,75,34581,0.081865764,578,578,1.000000000
nuscenes_mini_subset,scene-1094_014,dropout,0.900000000,75,31071,0.081329857,523,578,0.881482052
nuscenes_mini_subset,scene-1094_014,dropout,0.700000000,75,24231,0.080846849,408,578,0.691998559
nuscenes_mini_subset,scene-1094_014,dropout,0.500000000,75,17332,0.081063928,287,578,0.502830383
nuscenes_mini_subset,scene-1094_014,dropout,0.300000000,75,10472,0.081741788,182,578,0.343365252
nuscenes_mini_subset,scene-1094_014,noise,0.000000000,75,34581,0.081865764,578,578,1.000000000
nuscenes_mini_subset,scene-1094_014,noise,0.020000000,75,34581,0.081750094,578,578,1.000000000
nuscenes_mini_subset,scene-1094_014,noise,0.050000000,75,34581,0.082010353,578,578,1.000000000
nuscenes_mini_subset,scene-1094_014,noise,0.100000000,75,34581,0.082126023,578,578,0.998737374
nuscenes_mini_subset,scene-1094_014,noise,0.200000000,75,34581,0.083167057,578,578,0.976736111
nuscenes_mini_subset,scene-1094_015,dropout,1.000000000,76,34611,0.078876658,771,771,0.766872660
nuscenes_mini_subset,scene-1094_015,dropout,0.900000000,76,31232,0.078733350,682,771,0.664532272
nuscenes_mini_subset,scene-1094_015,dropout,0.700000000,76,24211,0.078476725,524,771,0.519354845
nuscenes_mini_subset,scene-1094_015,dropout,0.500000000,76,17342,0.074962519,356,771,0.357322748
nuscenes_mini_subset,scene-1094_015,dropout,0.300000000,76,10324,0.076230143,205,771,0.229285320
nuscenes_mini_subset,scene-1094_015,noise,0.000000000,76,34611,0.078876658,771,771,0.766872660
nuscenes_mini_subset,scene-1094_015,noise,0.020000000,76,34611,0.078789980,771,771,0.768687685
nuscenes_mini_subset,scene-1094_015,noise,0.050000000,76,34611,0.079136691,771,771,0.768687685
nuscenes_mini_subset,scene-1094_015,noise,0.100000000,76,34611,0.079685649,771,771,0.766688221
nuscenes_mini_subset,scene-1094_015,noise,0.200000000,76,34611,0.080667996,771,771,0.749086208
nuscenes_mini_subset,scene-1094_016,dropout,1.000000000,77,34660,0.076803231,642,642,0.861597862
nuscenes_mini_subset,scene-1094_016,dropout,0.900000000,77,31143,0.075843689,579,642,0.777400731
nuscenes_mini_subset,scene-1094_016,dropout,0.700000000,77,24246,0.075971294,465,642,0.652465026
nuscenes_mini_subset,scene-1094_016,dropout,0.500000000,77,17505,0.074550129,334,642,0.518380941
nuscenes_mini_subset,scene-1094_016,dropout,0.300000000,77,10543,0.073698188,200,642,0.323724855
nuscenes_mini_subset,scene-1094_016,noise,0.000000000,77,34660,0.076803231,642,642,0.861597862
nuscenes_mini_subset,scene-1094_016,noise,0.020000000,77,34660,0.076457011,642,642,0.861003861
nuscenes_mini_subset,scene-1094_016,noise,0.050000000,77,34660,0.076514714,642,642,0.859316734
nuscenes_mini_subset,scene-1094_016,noise,0.100000000,77,34660,0.077207155,642,642,0.857629608
nuscenes_mini_subset,scene-1094_016,noise,0.200000000,77,34660,0.078938257,642,642,0.832035607
nuscenes_mini_subset,scene-1094_017,dropout,1.000000000,78,34615,0.077654196,202,202,0.850746269
nuscenes_mini_subset,scene-1094_017,dropout,0.900000000,78,31164,0.077429085,191,202,0.798919832
nuscenes_mini_subset,scene-1094_017,dropout,0.700000000,78,24141,0.078414316,144,202,0.636938021
nuscenes_mini_subset,scene-1094_017,dropout,0.500000000,78,17092,0.078457758,99,202,0.420247641
nuscenes_mini_subset,scene-1094_017,dropout,0.300000000,78,10199,0.076281988,56,202,0.227995256
nuscenes_mini_subset,scene-1094_017,noise,0.000000000,78,34615,0.077654196,202,202,0.850746269
nuscenes_mini_subset,scene-1094_017,noise,0.020000000,78,34615,0.077423082,202,202,0.850746269
nuscenes_mini_subset,scene-1094_017,noise,0.050000000,78,34615,0.077220858,202,202,0.835237873
nuscenes_mini_subset,scene-1094_017,noise,0.100000000,78,34615,0.077451972,202,202,0.829796331
nuscenes_mini_subset,scene-1094_017,noise,0.200000000,78,34615,0.078983100,202,202,0.791207316
nuscenes_mini_subset,scene-1094_018,dropout,1.000000000,79,34561,0.077457250,128,128,0.723662207
nuscenes_mini_subset,scene-1094_018,dropout,0.900000000,79,30997,0.076523535,113,128,0.659149685
nuscenes_mini_subset,scene-1094_018,dropout,0.700000000,79,24050,0.076340956,88,128,0.520375088
nuscenes_mini_subset,scene-1094_018,dropout,0.500000000,79,17165,0.074978153,58,128,0.377282803
nuscenes_mini_subset,scene-1094_018,dropout,0.300000000,79,10326,0.073600620,33,128,0.217799642
nuscenes_mini_subset,scene-1094_018,noise,0.000000000,79,34561,0.077457250,128,128,0.723662207
nuscenes_mini_subset,scene-1094_018,noise,0.020000000,79,34561,0.077167906,128,128,0.723662207
nuscenes_mini_subset,scene-1094_018,noise,0.050000000,79,34561,0.076791759,128,128,0.723662207
nuscenes_mini_subset,scene-1094_018,noise,0.100000000,79,34561,0.076965366,128,128,0.696357043
nuscenes_mini_subset,scene-1094_018,noise,0.200000000,79,34561,0.078325280,128,128,0.685983316
nuscenes_mini_subset,scene-1094_019,dropout,1.000000000,80,34550,0.079044863,183,183,0.805555556
nuscenes_mini_subset,scene-1094_019,dropout,0.900000000,80,31051,0.079353322,168,183,0.743609265
nuscenes_mini_subset,scene-1094_019,dropout,0.700000000,80,24065,0.079825473,131,183,0.555827796
nuscenes_mini_subset,scene-1094_019,dropout,0.500000000,80,17249,0.078033509,91,183,0.359593023
nuscenes_mini_subset,scene-1094_019,dropout,0.300000000,80,10226,0.078036378,57,183,0.238736619
nuscenes_mini_subset,scene-1094_019,noise,0.000000000,80,34550,0.079044863,183,183,0.805555556
nuscenes_mini_subset,scene-1094_019,noise,0.020000000,80,34550,0.078813314,183,183,0.799741602
nuscenes_mini_subset,scene-1094_019,noise,0.050000000,80,34550,0.078494935,183,183,0.788113695
nuscenes_mini_subset,scene-1094_019,noise,0.100000000,80,34550,0.079247467,183,183,0.759043928
nuscenes_mini_subset,scene-1094_019,noise,0.200000000,80,34550,0.080752533,183,183,0.743249354
nuscenes_mini_subset,scene-1094_020,dropout,1.000000000,81,34570,0.078391669,99,99,0.855855856
nuscenes_mini_subset,scene-1094_020,dropout,0.900000000,81,31087,0.078907582,84,99,0.739099099
nuscenes_mini_subset,scene-1094_020,dropout,0.700000000,81,24119,0.078237075,59,99,0.541621622
nuscenes_mini_subset,scene-1094_020,dropout,0.500000000,81,17311,0.078331697,41,99,0.380540541
nuscenes_mini_subset,scene-1094_020,dropout,0.300000000,81,10305,0.076370694,26,99,0.215135135
nuscenes_mini_subset,scene-1094_020,noise,0.000000000,81,34570,0.078391669,99,99,0.855855856
nuscenes_mini_subset,scene-1094_020,noise,0.020000000,81,34570,0.078362742,99,99,0.855855856
nuscenes_mini_subset,scene-1094_020,noise,0.050000000,81,34570,0.078160255,99,99,0.833513514
nuscenes_mini_subset,scene-1094_020,noise,0.100000000,81,34570,0.079028059,99,99,0.842522523
nuscenes_mini_subset,scene-1094_020,noise,0.200000000,81,34570,0.080040498,99,99,0.788468468
nuscenes_mini_subset,scene-1094_021,dropout,1.000000000,82,34495,0.077344543,157,157,0.490196078
nuscenes_mini_subset,scene-1094_021,dropout,0.900000000,82,31001,0.077062030,148,157,0.455718954
nuscenes_mini_subset,scene-1094_021,dropout,0.700000000,82,24085,0.078098401,116,157,0.371241830
nuscenes_mini_subset,scene-1094_021,dropout,0.500000000,82,17126,0.075148896,80,157,0.218954248
nuscenes_mini_subset,scene-1094_021,dropout,0.300000000,82,10240,0.074707031,40,157,0.109477124
nuscenes_mini_subset,scene-1094_021,noise,0.000000000,82,34495,0.077344543,157,157,0.490196078
nuscenes_mini_subset,scene-1094_021,noise,0.020000000,82,34495,0.077257574,157,157,0.490196078
nuscenes_mini_subset,scene-1094_021,noise,0.050000000,82,34495,0.077257574,157,157,0.465196078
nuscenes_mini_subset,scene-1094_021,noise,0.100000000,82,34495,0.077431512,157,157,0.446732026
nuscenes_mini_subset,scene-1094_021,noise,0.200000000,82,34495,0.078620090,157,157,0.428267974
nuscenes_mini_subset,scene-1094_022,dropout,1.000000000,83,34462,0.080552493,53,53,0.986666667
nuscenes_mini_subset,scene-1094_022,dropout,0.900000000,83,30965,0.081123850,52,53,0.972173913
nuscenes_mini_subset,scene-1094_022,dropout,0.700000000,83,24009,0.081802657,40,53,0.748405797
nuscenes_mini_subset,scene-1094_022,dropout,0.500000000,83,17097,0.080774405,30,53,0.558260870
nuscenes_mini_subset,scene-1094_022,dropout,0.300000000,83,10215,0.079393049,17,53,0.274782609
nuscenes_mini_subset,scene-1094_022,noise,0.000000000,83,34462,0.080552493,53,53,0.986666667
nuscenes_mini_subset,scene-1094_022,noise,0.020000000,83,34462,0.080262318,53,53,0.986666667
nuscenes_mini_subset,scene-1094_022,noise,0.050000000,83,34462,0.080117231,53,53,0.972173913
nuscenes_mini_subset,scene-1094_022,noise,0.100000000,83,34462,0.079827056,53,53,0.972173913
nuscenes_mini_subset,scene-1094_022,noise,0.200000000,83,34462,0.081335964,53,53,0.972173913
nuscenes_mini_subset,scene-1094_023,dropout,1.000000000,84,34451,0.083974340,82,82,0.724137931
nuscenes_mini_subset,scene-1094_023,dropout,0.900000000,84,31043,0.084270206,70,82,0.638569604
nuscenes_mini_subset,scene-1094_023,dropout,0.700000000,84,24136,0.084023865,55,82,0.436143040
nuscenes_mini_subset,scene-1094_023,dropout,0.500000000,84,17183,0.085200489,45,82,0.436143040
nuscenes_mini_subset,scene-1094_023,dropout,0.300000000,84,10358,0.085827380,25,82,0.344827586
nuscenes_mini_subset,scene-1094_023,noise,0.000000000,84,34451,0.083974340,82,82,0.724137931
nuscenes_mini_subset,scene-1094_023,noise,0.020000000,84,34451,0.083945314,82,82,0.724137931
nuscenes_mini_subset,scene-1094_023,noise,0.050000000,84,34451,0.083858233,82,82,0.724137931
nuscenes_mini_subset,scene-1094_023,noise,0.100000000,84,34451,0.083945314,82,82,0.668582375
nuscenes_mini_subset,scene-1094_023,noise,0.200000000,84,34451,0.085135410,82,82,0.557471264
nuscenes_mini_subset,scene-1094_024,dropout,1.000000000,85,34361,0.083612235,45,45,1.000000000
nuscenes_mini_subset,scene-1094_024,dropout,0.900000000,85,30889,0.084010489,44,45,0.983333333
nuscenes_mini_subset,scene-1094_024,dropout,0.700000000,85,23986,0.083757192,35,45,0.750000000
nuscenes_mini_subset,scene-1094_024,dropout,0.500000000,85,17165,0.082959511,26,45,0.550000000
nuscenes_mini_subset,scene-1094_024,dropout,0.300000000,85,10224,0.085191706,8,45,0.150000000
nuscenes_mini_subset,scene-1094_024,noise,0.000000000,85,34361,0.083612235,45,45,1.000000000
nuscenes_mini_subset,scene-1094_024,noise,0.020000000,85,34361,0.083495824,45,45,0.966666667
nuscenes_mini_subset,scene-1094_024,noise,0.050000000,85,34361,0.083233899,45,45,0.900000000
nuscenes_mini_subset,scene-1094_024,noise,0.100000000,85,34361,0.083263002,45,45,0.883333333
nuscenes_mini_subset,scene-1094_024,noise,0.200000000,85,34361,0.084980065,45,45,0.800000000
nuscenes_mini_subset,scene-1094_025,dropout,1.000000000,86,34370,0.084434100,67,67,1.000000000
nuscenes_mini_subset,scene-1094_025,dropout,0.900000000,86,30916,0.084616380,62,67,0.893483709
nuscenes_mini_subset,scene-1094_025,dropout,0.700000000,86,23966,0.084411249,46,67,0.718462824
nuscenes_mini_subset,scene-1094_025,dropout,0.500000000,86,17170,0.086255096,33,67,0.491228070
nuscenes_mini_subset,scene-1094_025,dropout,0.300000000,86,10311,0.084957812,20,67,0.340016708
nuscenes_mini_subset,scene-1094_025,noise,0.000000000,86,34370,0.084434100,67,67,1.000000000
nuscenes_mini_subset,scene-1094_025,noise,0.020000000,86,34370,0.084317719,67,67,0.992063492
nuscenes_mini_subset,scene-1094_025,noise,0.050000000,86,34370,0.084405004,67,67,0.960317460
nuscenes_mini_subset,scene-1094_025,noise,0.100000000,86,34370,0.084666861,67,67,0.918964077
nuscenes_mini_subset,scene-1094_025,noise,0.200000000,86,34370,0.085336049,67,67,0.893483709
nuscenes_mini_subset,scene-1094_026,dropout,1.000000000,87,34436,0.085027297,52,52,1.000000000
nuscenes_mini_subset,scene-1094_026,dropout,0.900000000,87,30956,0.084959297,48,52,0.893333333
nuscenes_mini_subset,scene-1094_026,dropout,0.700000000,87,24164,0.085209402,40,52,0.780000000
nuscenes_mini_subset,scene-1094_026,dropout,0.500000000,87,17285,0.086954006,29,52,0.526666667
nuscenes_mini_subset,scene-1094_026,dropout,0.300000000,87,10301,0.089894185,16,52,0.280000000
nuscenes_mini_subset,scene-1094_026,noise,0.000000000,87,34436,0.085027297,52,52,1.000000000
nuscenes_mini_subset,scene-1094_026,noise,0.020000000,87,34436,0.084736903,52,52,1.000000000
nuscenes_mini_subset,scene-1094_026,noise,0.050000000,87,34436,0.084824021,52,52,1.000000000
nuscenes_mini_subset,scene-1094_026,noise,0.100000000,87,34436,0.085027297,52,52,1.000000000
nuscenes_mini_subset,scene-1094_026,noise,0.200000000,87,34436,0.086014636,52,52,0.920000000
nuscenes_mini_subset,scene-1094_027,dropout,1.000000000,88,34407,0.085069899,75,75,1.000000000
nuscenes_mini_subset,scene-1094_027,dropout,0.900000000,88,30999,0.084970483,68,75,0.942946708
nuscenes_mini_subset,scene-1094_027,dropout,0.700000000,88,24172,0.085677644,54,75,0.744125070
nuscenes_mini_subset,scene-1094_027,dropout,0.500000000,88,17215,0.084228870,34,75,0.468999277
nuscenes_mini_subset,scene-1094_027,dropout,0.300000000,88,10344,0.084686775,19,75,0.278062857
nuscenes_mini_subset,scene-1094_027,noise,0.000000000,88,34407,0.085069899,75,75,1.000000000
nuscenes_mini_subset,scene-1094_027,noise,0.020000000,88,34407,0.084953643,75,75,1.000000000
nuscenes_mini_subset,scene-1094_027,noise,0.050000000,88,34407,0.085098962,75,75,0.990909091
nuscenes_mini_subset,scene-1094_027,noise,0.100000000,88,34407,0.085505856,75,75,0.966433566
nuscenes_mini_subset,scene-1094_027,noise,0.200000000,88,34407,0.086523091,75,75,0.856792862
nuscenes_mini_subset,scene-1094_028,dropout,1.000000000,89,34395,0.083442361,83,83,1.000000000
nuscenes_mini_subset,scene-1094_028,dropout,0.900000000,89,30955,0.082539170,78,83,0.907029478
nuscenes_mini_subset,scene-1094_028,dropout,0.700000000,89,24097,0.082665892,60,83,0.675736961
nuscenes_mini_subset,scene-1094_028,dropout,0.500000000,89,17203,0.083125036,47,83,0.561904762
nuscenes_mini_subset,scene-1094_028,dropout,0.300000000,89,10290,0.084936832,32,83,0.391836735
nuscenes_mini_subset,scene-1094_028,noise,0.000000000,89,34395,0.083442361,83,83,1.000000000
nuscenes_mini_subset,scene-1094_028,noise,0.020000000,89,34395,0.083064399,83,83,1.000000000
nuscenes_mini_subset,scene-1094_028,noise,0.050000000,89,34395,0.083122547,83,83,1.000000000
nuscenes_mini_subset,scene-1094_028,noise,0.100000000,89,34395,0.083296991,83,83,0.971428571
nuscenes_mini_subset,scene-1094_028,noise,0.200000000,89,34395,0.084023841,83,83,0.910657596
nuscenes_mini_subset,scene-1094_029,dropout,1.000000000,90,34387,0.085700992,93,93,0.652173913
nuscenes_mini_subset,scene-1094_029,dropout,0.900000000,90,30897,0.086416157,87,93,0.597787948
nuscenes_mini_subset,scene-1094_029,dropout,0.700000000,90,24027,0.086444417,69,93,0.461022121
nuscenes_mini_subset,scene-1094_029,dropout,0.500000000,90,17180,0.087077998,47,93,0.280320366
nuscenes_mini_subset,scene-1094_029,dropout,0.300000000,90,10310,0.086905917,36,93,0.196186117
nuscenes_mini_subset,scene-1094_029,noise,0.000000000,90,34387,0.085700992,93,93,0.652173913
nuscenes_mini_subset,scene-1094_029,noise,0.020000000,90,34387,0.085642830,93,93,0.632951945
nuscenes_mini_subset,scene-1094_029,noise,0.050000000,90,34387,0.085526507,93,93,0.632951945
nuscenes_mini_subset,scene-1094_029,noise,0.100000000,90,34387,0.086311688,93,93,0.641647597
nuscenes_mini_subset,scene-1094_029,noise,0.200000000,90,34387,0.087213191,93,93,0.620594966
nuscenes_mini_subset,scene-1094_030,dropout,1.000000000,91,34414,0.089178823,82,82,1.000000000
nuscenes_mini_subset,scene-1094_030,dropout,0.900000000,91,31087,0.088976099,71,82,0.840277778
nuscenes_mini_subset,scene-1094_030,dropout,0.700000000,91,24122,0.090291021,61,82,0.743551587
nuscenes_mini_subset,scene-1094_030,dropout,0.500000000,91,17219,0.090249143,43,82,0.552083333
nuscenes_mini_subset,scene-1094_030,dropout,0.300000000,91,10346,0.087956698,18,82,0.191468254
nuscenes_mini_subset,scene-1094_030,noise,0.000000000,91,34414,0.089178823,82,82,1.000000000
nuscenes_mini_subset,scene-1094_030,noise,0.020000000,91,34414,0.088888243,82,82,1.000000000
nuscenes_mini_subset,scene-1094_030,noise,0.050000000,91,34414,0.088801069,82,82,1.000000000
nuscenes_mini_subset,scene-1094_030,noise,0.100000000,91,34414,0.089556576,82,82,0.992063492
nuscenes_mini_subset,scene-1094_030,noise,0.200000000,91,34414,0.090980415,82,82,0.910714286
nuscenes_mini_subset,scene-1094_031,dropout,1.000000000,92,34458,0.088919844,56,56,1.000000000
nuscenes_mini_subset,scene-1094_031,dropout,0.900000000,92,31069,0.088770157,48,56,0.825059102
nuscenes_mini_subset,scene-1094_031,dropout,0.700000000,92,24189,0.090991773,39,56,0.639479905
nuscenes_mini_subset,scene-1094_031,dropout,0.500000000,92,17325,0.091082251,27,56,0.421985816
nuscenes_mini_subset,scene-1094_031,dropout,0.300000000,92,10320,0.091666667,17,56,0.270685579
nuscenes_mini_subset,scene-1094_031,noise,0.000000000,92,34458,0.088919844,56,56,1.000000000
nuscenes_mini_subset,scene-1094_031,noise,0.020000000,92,34458,0.088774740,56,56,1.000000000
nuscenes_mini_subset,scene-1094_031,noise,0.050000000,92,34458,0.088745719,56,56,1.000000000
nuscenes_mini_subset,scene-1094_031,noise,0.100000000,92,34458,0.089181032,56,56,1.000000000
nuscenes_mini_subset,scene-1094_031,noise,0.200000000,92,34458,0.089964595,56,56,0.989361702
nuscenes_mini_subset,scene-1094_032,dropout,1.000000000,93,34476,0.086349925,124,124,0.961538462
nuscenes_mini_subset,scene-1094_032,dropout,0.900000000,93,31096,0.086570620,114,124,0.918803419
nuscenes_mini_subset,scene-1094_032,dropout,0.700000000,93,24247,0.086856106,89,124,0.619047619
nuscenes_mini_subset,scene-1094_032,dropout,0.500000000,93,17261,0.086205898,66,124,0.462148962
nuscenes_mini_subset,scene-1094_032,dropout,0.300000000,93,10341,0.086742095,38,124,0.216727717
nuscenes_mini_subset,scene-1094_032,noise,0.000000000,93,34476,0.086349925,124,124,0.961538462
nuscenes_mini_subset,scene-1094_032,noise,0.020000000,93,34476,0.086233902,124,124,0.961538462
nuscenes_mini_subset,scene-1094_032,noise,0.050000000,93,34476,0.086407936,124,124,0.961538462
nuscenes_mini_subset,scene-1094_032,noise,0.100000000,93,34476,0.086814016,124,124,0.961538462
nuscenes_mini_subset,scene-1094_032,noise,0.200000000,93,34476,0.087800209,124,124,0.961538462
nuscenes_mini_subset,scene-1094_033,dropout,1.000000000,94,34320,0.087179487,361,361,0.738658777
nuscenes_mini_subset,scene-1094_033,dropout,0.900000000,94,30894,0.087395611,329,361,0.693525931
nuscenes_mini_subset,scene-1094_033,dropout,0.700000000,94,24075,0.087227414,250,361,0.443071509
nuscenes_mini_subset,scene-1094_033,dropout,0.500000000,94,17162,0.086411840,183,361,0.334493561
nuscenes_mini_subset,scene-1094_033,dropout,0.300000000,94,10231,0.085817613,114,361,0.306009978
nuscenes_mini_subset,scene-1094_033,noise,0.000000000,94,34320,0.087179487,361,361,0.738658777
nuscenes_mini_subset,scene-1094_033,noise,0.020000000,94,34320,0.087121212,361,361,0.683103222
nuscenes_mini_subset,scene-1094_033,noise,0.050000000,94,34320,0.087179487,361,361,0.628533859
nuscenes_mini_subset,scene-1094_033,noise,0.100000000,94,34320,0.087441725,361,361,0.628533859
nuscenes_mini_subset,scene-1094_033,noise,0.200000000,94,34320,0.087966200,361,361,0.573964497
nuscenes_mini_subset,scene-1094_034,dropout,1.000000000,95,34456,0.082046668,20,20,1.000000000
nuscenes_mini_subset,scene-1094_034,dropout,0.900000000,95,30995,0.082916599,19,20,0.961538462
nuscenes_mini_subset,scene-1094_034,dropout,0.700000000,95,24138,0.082774049,16,20,0.780219780
nuscenes_mini_subset,scene-1094_034,dropout,0.500000000,95,17169,0.082707205,13,20,0.664835165
nuscenes_mini_subset,scene-1094_034,dropout,0.300000000,95,10266,0.080654588,5,20,0.258241758
nuscenes_mini_subset,scene-1094_034,noise,0.000000000,95,34456,0.082046668,20,20,1.000000000
nuscenes_mini_subset,scene-1094_034,noise,0.020000000,95,34456,0.081727420,20,20,1.000000000
nuscenes_mini_subset,scene-1094_034,noise,0.050000000,95,34456,0.081495240,20,20,1.000000000
nuscenes_mini_subset,scene-1094_034,noise,0.100000000,95,34456,0.081814488,20,20,0.961538462
nuscenes_mini_subset,scene-1094_034,noise,0.200000000,95,34456,0.083671929,20,20,0.923076923
nuscenes_mini_subset,scene-1094_035,dropout,1.000000000,96,34418,0.081033180,8,8,1.000000000
nuscenes_mini_subset,scene-1094_035,dropout,0.900000000,96,30887,0.081134458,8,8,1.000000000
nuscenes_mini_subset,scene-1094_035,dropout,0.700000000,96,24117,0.081768047,5,8,0.625000000
nuscenes_mini_subset,scene-1094_035,dropout,0.500000000,96,17206,0.082761827,4,8,0.500000000
nuscenes_mini_subset,scene-1094_035,dropout,0.300000000,96,10314,0.084642234,3,8,0.375000000
nuscenes_mini_subset,scene-1094_035,noise,0.000000000,96,34418,0.081033180,8,8,1.000000000
nuscenes_mini_subset,scene-1094_035,noise,0.020000000,96,34418,0.080858853,8,8,1.000000000
nuscenes_mini_subset,scene-1094_035,noise,0.050000000,96,34418,0.081004126,8,8,1.000000000
nuscenes_mini_subset,scene-1094_035,noise,0.100000000,96,34418,0.081091289,8,8,1.000000000
nuscenes_mini_subset,scene-1094_035,noise,0.200000000,96,34418,0.082340636,8,8,0.875000000
nuscenes_mini_subset,scene-1094_036,dropout,1.000000000,97,34240,0.078971963,17,17,1.000000000
nuscenes_mini_subset,scene-1094_036,dropout,0.900000000,97,30768,0.078653146,16,17,0.941176471
nuscenes_mini_subset,scene-1094_036,dropout,0.700000000,97,23938,0.076739911,13,17,0.764705882
nuscenes_mini_subset,scene-1094_036,dropout,0.500000000,97,17248,0.078096011,12,17,0.705882353
nuscenes_mini_subset,scene-1094_036,dropout,0.300000000,97,10389,0.080758495,8,17,0.470588235
nuscenes_mini_subset,scene-1094_036,noise,0.000000000,97,34240,0.078971963,17,17,1.000000000
nuscenes_mini_subset,scene-1094_036,noise,0.020000000,97,34240,0.078709112,17,17,1.000000000
nuscenes_mini_subset,scene-1094_036,noise,0.050000000,97,34240,0.078504673,17,17,1.000000000
nuscenes_mini_subset,scene-1094_036,noise,0.100000000,97,34240,0.079205607,17,17,1.000000000
nuscenes_mini_subset,scene-1094_036,noise,0.200000000,97,34240,0.080286215,17,17,1.000000000
nuscenes_mini_subset,scene-1094_037,dropout,1.000000000,98,34270,0.077268748,12,12,1.000000000
nuscenes_mini_subset,scene-1094_037,dropout,0.900000000,98,30850,0.077925446,10,12,0.828571429
nuscenes_mini_subset,scene-1094_037,dropout,0.700000000,98,24016,0.077531646,7,12,0.557142857
nuscenes_mini_subset,scene-1094_037,dropout,0.500000000,98,17187,0.076453133,3,12,0.271428571
nuscenes_mini_subset,scene-1094_037,dropout,0.300000000,98,10345,0.077235379,3,12,0.271428571
nuscenes_mini_subset,scene-1094_037,noise,0.000000000,98,34270,0.077268748,12,12,1.000000000
nuscenes_mini_subset,scene-1094_037,noise,0.020000000,98,34270,0.077035308,12,12,1.000000000
nuscenes_mini_subset,scene-1094_037,noise,0.050000000,98,34270,0.076714327,12,12,1.000000000
nuscenes_mini_subset,scene-1094_037,noise,0.100000000,98,34270,0.077443828,12,12,1.000000000
nuscenes_mini_subset,scene-1094_037,noise,0.200000000,98,34270,0.078494310,12,12,0.900000000
nuscenes_mini_subset,scene-1094_038,dropout,1.000000000,99,34195,0.073899693,65,65,1.000000000
nuscenes_mini_subset,scene-1094_038,dropout,0.900000000,99,30791,0.074112565,58,65,0.923280423
nuscenes_mini_subset,scene-1094_038,dropout,0.700000000,99,24032,0.074275965,46,65,0.785714286
nuscenes_mini_subset,scene-1094_038,dropout,0.500000000,99,16977,0.076515285,31,65,0.506878307
nuscenes_mini_subset,scene-1094_038,dropout,0.300000000,99,10209,0.078949946,17,65,0.235978836
nuscenes_mini_subset,scene-1094_038,noise,0.000000000,99,34195,0.073899693,65,65,1.000000000
nuscenes_mini_subset,scene-1094_038,noise,0.020000000,99,34195,0.073548764,65,65,1.000000000
nuscenes_mini_subset,scene-1094_038,noise,0.050000000,99,34195,0.073548764,65,65,1.000000000
nuscenes_mini_subset,scene-1094_038,noise,0.100000000,99,34195,0.074075157,65,65,1.000000000
nuscenes_mini_subset,scene-1094_038,noise,0.200000000,99,34195,0.075157187,65,65,1.000000000
nuscenes_mini_subset,scene-1094_039,dropout,1.000000000,100,34121,0.072741127,28,28,1.000000000
nuscenes_mini_subset,scene-1094_039,dropout,0.900000000,100,30705,0.072366064,25,28,0.891774892
nuscenes_mini_subset,scene-1094_039,dropout,0.700000000,100,23815,0.073105186,17,28,0.619913420
nuscenes_mini_subset,scene-1094_039,dropout,0.500000000,100,17038,0.071839418,15,28,0.524675325
nuscenes_mini_subset,scene-1094_039,dropout,0.300000000,100,10315,0.069122637,12,28,0.413419913
nuscenes_mini_subset,scene-1094_039,noise,0.000000000,100,34121,0.072741127,28,28,1.000000000
nuscenes_mini_subset,scene-1094_039,noise,0.020000000,100,34121,0.072711820,28,28,1.000000000
nuscenes_mini_subset,scene-1094_039,noise,0.050000000,100,34121,0.072887664,28,28,0.969696970
nuscenes_mini_subset,scene-1094_039,noise,0.100000000,100,34121,0.073210047,28,28,0.969696970
nuscenes_mini_subset,scene-1094_039,noise,0.200000000,100,34121,0.073620351,28,28,0.909090909
